ts,public_id,date,channel,status,provider_message
2025-08-26T06:18:14.639283+00:00,demo,2025-08-26,feishu,ok,"{""StatusCode"": 0, ""StatusMessage"": ""success"", ""code"": 0, ""data"": {}, ""msg"": ""success""}"
2025-08-26T07:55:39.065622+00:00,demo,2025-08-26,feishu,ok,"{""StatusCode"": 0, ""StatusMessage"": ""success"", ""code"": 0, ""data"": {}, ""msg"": ""success""}"
2025-08-26T07:59:00.229850+00:00,demo,2025-08-26,feishu,ok,"{""StatusCode"": 0, ""StatusMessage"": ""success"", ""code"": 0, ""data"": {}, ""msg"": ""success""}"
2025-08-26T08:07:16.589015+00:00,demo,2025-08-26,feishu,ok,"{""StatusCode"": 0, ""StatusMessage"": ""success"", ""code"": 0, ""data"": {}, ""msg"": ""success""}"
2025-08-26T08:13:22.423745+00:00,demo,2025-08-26,feishu,ok,"{""StatusCode"": 0, ""StatusMessage"": ""success"", ""code"": 0, ""data"": {}, ""msg"": ""success""}"
2025-08-26T08:14:16.142983+00:00,demo,2025-08-26,feishu,ok,"{""StatusCode"": 0, ""StatusMessage"": ""success"", ""code"": 0, ""data"": {}, ""msg"": ""success""}"
2025-08-26T08:15:27.598789+00:00,demo,2025-08-26,feishu,ok,"{""StatusCode"": 0, ""StatusMessage"": ""success"", ""code"": 0, ""data"": {}, ""msg"": ""success""}"
2025-08-26T08:18:56.315612+00:00,demo,2025-08-26,feishu,ok,"{""StatusCode"": 0, ""StatusMessage"": ""success"", ""code"": 0, ""data"": {}, ""msg"": ""success""}"
2025-08-26T08:19:58.529413+00:00,demo,2025-08-26,feishu,ok,"{""StatusCode"": 0, ""StatusMessage"": ""success"", ""code"": 0, ""data"": {}, ""msg"": ""success""}"
2025-08-26T09:17:03.403089+00:00,demo,2025-08-26,feishu,ok,"{""StatusCode"": 0, ""StatusMessage"": ""success"", ""code"": 0, ""data"": {}, ""msg"": ""success""}"
2025-08-26T09:22:10.072153+00:00,demo,2025-08-26,feishu,ok,"{""StatusCode"": 0, ""StatusMessage"": ""success"", ""code"": 0, ""data"": {}, ""msg"": ""success""}"
2025-08-26T09:43:05.158716+00:00,demo,2025-08-26,feishu,ok,"{""StatusCode"": 0, ""StatusMessage"": ""success"", ""code"": 0, ""data"": {}, ""msg"": ""success""}"
2025-08-26T09:53:30.392090+00:00,demo,2025-08-26,feishu,ok,"{""StatusCode"": 0, ""StatusMessage"": ""success"", ""code"": 0, ""data"": {}, ""msg"": ""success""}"
2025-08-26T10:21:26.767271+00:00,demo,2025-08-26,feishu,ok,"{""StatusCode"": 0, ""StatusMessage"": ""success"", ""code"": 0, ""data"": {}, ""msg"": ""success""}"
2025-08-26T10:45:03.269756+00:00,demo,2025-08-26,feishu,ok,"{""StatusCode"": 0, ""StatusMessage"": ""success"", ""code"": 0, ""data"": {}, ""msg"": ""success""}"
2025-08-26T10:55:52.481691+00:00,demo,2025-08-26,feishu,ok,"{""StatusCode"": 0, ""StatusMessage"": ""success"", ""code"": 0, ""data"": {}, ""msg"": ""success""}"
2025-08-26T16:24:14.823808+00:00,demo,2025-08-27,feishu,ok,"{""StatusCode"": 0, ""StatusMessage"": ""success"", ""code"": 0, ""data"": {}, ""msg"": ""success""}"
2025-08-26T16:46:45.436383+00:00,demo,2025-08-27,feishu,ok,"{""StatusCode"": 0, ""StatusMessage"": ""success"", ""code"": 0, ""data"": {}, ""msg"": ""success""}"
2025-08-26T17:17:41.655883+00:00,demo,2025-08-27,feishu,ok,"{""StatusCode"": 0, ""StatusMessage"": ""success"", ""code"": 0, ""data"": {}, ""msg"": ""success""}"
2025-08-26T17:40:35.429208+00:00,demo,2025-08-27,feishu,ok,"{""StatusCode"": 0, ""StatusMessage"": ""success"", ""code"": 0, ""data"": {}, ""msg"": ""success""}"
2025-08-26T17:51:30.775523+00:00,demo,2025-08-27,feishu,ok,"{""StatusCode"": 0, ""StatusMessage"": ""success"", ""code"": 0, ""data"": {}, ""msg"": ""success""}"
2025-08-26T18:27:57.070518+00:00,demo,2025-08-27,feishu,ok,"{""StatusCode"": 0, ""StatusMessage"": ""success"", ""code"": 0, ""data"": {}, ""msg"": ""success""}"
2025-08-26T18:49:13.819451+00:00,demo,2025-08-27,feishu,ok,"{""StatusCode"": 0, ""StatusMessage"": ""success"", ""code"": 0, ""data"": {}, ""msg"": ""success""}"
2025-08-26T19:15:15.581404+00:00,demo,2025-08-27,feishu,ok,"{""StatusCode"": 0, ""StatusMessage"": ""success"", ""code"": 0, ""data"": {}, ""msg"": ""success""}"
2025-08-26T19:37:43.400970+00:00,demo,2025-08-27,feishu,ok,"{""StatusCode"": 0, ""StatusMessage"": ""success"", ""code"": 0, ""data"": {}, ""msg"": ""success""}"
2025-08-26T19:51:08.091962+00:00,demo,2025-08-27,feishu,ok,"{""StatusCode"": 0, ""StatusMessage"": ""success"", ""code"": 0, ""data"": {}, ""msg"": ""success""}"
2025-08-26T20:21:18.824952+00:00,demo,2025-08-27,feishu,ok,"{""StatusCode"": 0, ""StatusMessage"": ""success"", ""code"": 0, ""data"": {}, ""msg"": ""success""}"
2025-08-26T20:40:21.540592+00:00,demo,2025-08-27,feishu,ok,"{""StatusCode"": 0, ""StatusMessage"": ""success"", ""code"": 0, ""data"": {}, ""msg"": ""success""}"
2025-08-26T20:51:19.505417+00:00,demo,2025-08-27,feishu,ok,"{""StatusCode"": 0, ""StatusMessage"": ""success"", ""code"": 0, ""data"": {}, ""msg"": ""success""}"
2025-08-26T21:17:08.851452+00:00,demo,2025-08-27,feishu,ok,"{""StatusCode"": 0, ""StatusMessage"": ""success"", ""code"": 0, ""data"": {}, ""msg"": ""success""}"
2025-08-26T21:37:30.528760+00:00,demo,2025-08-27,feishu,ok,"{""StatusCode"": 0, ""StatusMessage"": ""success"", ""code"": 0, ""data"": {}, ""msg"": ""success""}"
2025-08-26T21:50:59.428670+00:00,demo,2025-08-27,feishu,ok,"{""StatusCode"": 0, ""StatusMessage"": ""success"", ""code"": 0, ""data"": {}, ""msg"": ""success""}"
2025-08-26T22:18:11.633791+00:00,demo,2025-08-27,feishu,ok,"{""StatusCode"": 0, ""StatusMessage"": ""success"", ""code"": 0, ""data"": {}, ""msg"": ""success""}"
2025-08-26T22:40:47.537586+00:00,demo,2025-08-27,feishu,ok,"{""StatusCode"": 0, ""StatusMessage"": ""success"", ""code"": 0, ""data"": {}, ""msg"": ""success""}"
2025-08-26T22:51:20.419385+00:00,demo,2025-08-27,feishu,ok,"{""StatusCode"": 0, ""StatusMessage"": ""success"", ""code"": 0, ""data"": {}, ""msg"": ""success""}"
2025-08-26T23:17:29.560131+00:00,demo,2025-08-27,feishu,ok,"{""StatusCode"": 0, ""StatusMessage"": ""success"", ""code"": 0, ""data"": {}, ""msg"": ""success""}"
2025-08-26T23:38:01.157727+00:00,demo,2025-08-27,feishu,ok,"{""StatusCode"": 0, ""StatusMessage"": ""success"", ""code"": 0, ""data"": {}, ""msg"": ""success""}"
2025-08-26T23:51:07.344594+00:00,demo,2025-08-27,feishu,ok,"{""StatusCode"": 0, ""StatusMessage"": ""success"", ""code"": 0, ""data"": {}, ""msg"": ""success""}"
2025-08-27T01:27:35.524889+00:00,demo,2025-08-27,feishu,ok,"{""StatusCode"": 0, ""StatusMessage"": ""success"", ""code"": 0, ""data"": {}, ""msg"": ""success""}"
2025-08-27T02:50:58.874192+00:00,demo,2025-08-27,feishu,ok,"{""StatusCode"": 0, ""StatusMessage"": ""success"", ""code"": 0, ""data"": {}, ""msg"": ""success""}"
2025-08-27T03:34:37.126300+00:00,demo,2025-08-27,feishu,ok,"{""StatusCode"": 0, ""StatusMessage"": ""success"", ""code"": 0, ""data"": {}, ""msg"": ""success""}"
2025-08-27T03:54:23.044329+00:00,demo,2025-08-27,feishu,ok,"{""StatusCode"": 0, ""StatusMessage"": ""success"", ""code"": 0, ""data"": {}, ""msg"": ""success""}"
2025-08-27T04:23:54.565533+00:00,demo,2025-08-27,feishu,ok,"{""StatusCode"": 0, ""StatusMessage"": ""success"", ""code"": 0, ""data"": {}, ""msg"": ""success""}"
2025-08-27T04:43:08.077167+00:00,demo,2025-08-27,feishu,ok,"{""StatusCode"": 0, ""StatusMessage"": ""success"", ""code"": 0, ""data"": {}, ""msg"": ""success""}"
2025-08-27T04:54:12.891728+00:00,demo,2025-08-27,feishu,ok,"{""StatusCode"": 0, ""StatusMessage"": ""success"", ""code"": 0, ""data"": {}, ""msg"": ""success""}"
2025-08-27T05:18:54.540330+00:00,demo,2025-08-27,feishu,ok,"{""StatusCode"": 0, ""StatusMessage"": ""success"", ""code"": 0, ""data"": {}, ""msg"": ""success""}"
2025-08-27T05:40:52.610628+00:00,demo,2025-08-27,feishu,ok,"{""StatusCode"": 0, ""StatusMessage"": ""success"", ""code"": 0, ""data"": {}, ""msg"": ""success""}"
2025-08-27T05:51:46.059580+00:00,demo,2025-08-27,feishu,ok,"{""StatusCode"": 0, ""StatusMessage"": ""success"", ""code"": 0, ""data"": {}, ""msg"": ""success""}"
2025-08-27T06:28:44.095783+00:00,demo,2025-08-27,feishu,ok,"{""StatusCode"": 0, ""StatusMessage"": ""success"", ""code"": 0, ""data"": {}, ""msg"": ""success""}"
2025-08-27T06:50:09.148353+00:00,demo,2025-08-27,feishu,ok,"{""StatusCode"": 0, ""StatusMessage"": ""success"", ""code"": 0, ""data"": {}, ""msg"": ""success""}"
2025-08-27T07:18:27.791840+00:00,demo,2025-08-27,feishu,ok,"{""StatusCode"": 0, ""StatusMessage"": ""success"", ""code"": 0, ""data"": {}, ""msg"": ""success""}"
2025-08-27T07:38:39.173753+00:00,demo,2025-08-27,feishu,ok,"{""StatusCode"": 0, ""StatusMessage"": ""success"", ""code"": 0, ""data"": {}, ""msg"": ""success""}"
2025-08-27T07:51:11.537090+00:00,demo,2025-08-27,feishu,ok,"{""StatusCode"": 0, ""StatusMessage"": ""success"", ""code"": 0, ""data"": {}, ""msg"": ""success""}"
2025-08-27T08:26:27.587916+00:00,demo,2025-08-27,feishu,ok,"{""StatusCode"": 0, ""StatusMessage"": ""success"", ""code"": 0, ""data"": {}, ""msg"": ""success""}"
2025-08-27T08:47:49.812338+00:00,demo,2025-08-27,feishu,ok,"{""StatusCode"": 0, ""StatusMessage"": ""success"", ""code"": 0, ""data"": {}, ""msg"": ""success""}"
2025-08-27T09:20:49.516347+00:00,demo,2025-08-27,feishu,ok,"{""StatusCode"": 0, ""StatusMessage"": ""success"", ""code"": 0, ""data"": {}, ""msg"": ""success""}"
2025-08-27T09:40:56.500863+00:00,demo,2025-08-27,feishu,ok,"{""StatusCode"": 0, ""StatusMessage"": ""success"", ""code"": 0, ""data"": {}, ""msg"": ""success""}"
2025-08-27T09:51:55.648031+00:00,demo,2025-08-27,feishu,ok,"{""StatusCode"": 0, ""StatusMessage"": ""success"", ""code"": 0, ""data"": {}, ""msg"": ""success""}"
2025-08-27T10:19:49.665897+00:00,demo,2025-08-27,feishu,ok,"{""StatusCode"": 0, ""StatusMessage"": ""success"", ""code"": 0, ""data"": {}, ""msg"": ""success""}"
2025-08-27T10:42:04.968127+00:00,demo,2025-08-27,feishu,ok,"{""StatusCode"": 0, ""StatusMessage"": ""success"", ""code"": 0, ""data"": {}, ""msg"": ""success""}"
2025-08-27T10:52:43.946465+00:00,demo,2025-08-27,feishu,ok,"{""StatusCode"": 0, ""StatusMessage"": ""success"", ""code"": 0, ""data"": {}, ""msg"": ""success""}"
2025-08-27T16:24:44.135215+00:00,demo,2025-08-28,feishu,ok,"{""StatusCode"": 0, ""StatusMessage"": ""success"", ""code"": 0, ""data"": {}, ""msg"": ""success""}"
2025-08-27T16:46:47.987414+00:00,demo,2025-08-28,feishu,ok,"{""StatusCode"": 0, ""StatusMessage"": ""success"", ""code"": 0, ""data"": {}, ""msg"": ""success""}"
2025-08-27T17:16:59.873998+00:00,demo,2025-08-28,feishu,ok,"{""StatusCode"": 0, ""StatusMessage"": ""success"", ""code"": 0, ""data"": {}, ""msg"": ""success""}"
2025-08-27T17:40:11.074801+00:00,demo,2025-08-28,feishu,ok,"{""StatusCode"": 0, ""StatusMessage"": ""success"", ""code"": 0, ""data"": {}, ""msg"": ""success""}"
2025-08-27T17:51:01.303308+00:00,demo,2025-08-28,feishu,ok,"{""StatusCode"": 0, ""StatusMessage"": ""success"", ""code"": 0, ""data"": {}, ""msg"": ""success""}"
2025-08-27T18:27:55.647843+00:00,demo,2025-08-28,feishu,ok,"{""StatusCode"": 0, ""StatusMessage"": ""success"", ""code"": 0, ""data"": {}, ""msg"": ""success""}"
2025-08-27T18:48:04.251416+00:00,demo,2025-08-28,feishu,ok,"{""StatusCode"": 0, ""StatusMessage"": ""success"", ""code"": 0, ""data"": {}, ""msg"": ""success""}"
2025-08-27T19:16:07.932244+00:00,demo,2025-08-28,feishu,ok,"{""StatusCode"": 0, ""StatusMessage"": ""success"", ""code"": 0, ""data"": {}, ""msg"": ""success""}"
2025-08-27T19:37:32.609198+00:00,demo,2025-08-28,feishu,ok,"{""StatusCode"": 0, ""StatusMessage"": ""success"", ""code"": 0, ""data"": {}, ""msg"": ""success""}"
2025-08-27T19:51:07.656474+00:00,demo,2025-08-28,feishu,ok,"{""StatusCode"": 0, ""StatusMessage"": ""success"", ""code"": 0, ""data"": {}, ""msg"": ""success""}"
2025-08-27T20:21:17.825887+00:00,demo,2025-08-28,feishu,ok,"{""StatusCode"": 0, ""StatusMessage"": ""success"", ""code"": 0, ""data"": {}, ""msg"": ""success""}"
2025-08-27T20:41:03.977887+00:00,demo,2025-08-28,feishu,ok,"{""StatusCode"": 0, ""StatusMessage"": ""success"", ""code"": 0, ""data"": {}, ""msg"": ""success""}"
2025-08-27T20:51:56.204244+00:00,demo,2025-08-28,feishu,ok,"{""StatusCode"": 0, ""StatusMessage"": ""success"", ""code"": 0, ""data"": {}, ""msg"": ""success""}"
2025-08-27T21:17:45.888957+00:00,demo,2025-08-28,feishu,ok,"{""StatusCode"": 0, ""StatusMessage"": ""success"", ""code"": 0, ""data"": {}, ""msg"": ""success""}"
2025-08-27T21:37:40.634271+00:00,demo,2025-08-28,feishu,ok,"{""StatusCode"": 0, ""StatusMessage"": ""success"", ""code"": 0, ""data"": {}, ""msg"": ""success""}"
2025-08-27T21:51:11.146685+00:00,demo,2025-08-28,feishu,ok,"{""StatusCode"": 0, ""StatusMessage"": ""success"", ""code"": 0, ""data"": {}, ""msg"": ""success""}"
2025-08-27T22:17:46.888884+00:00,demo,2025-08-28,feishu,ok,"{""StatusCode"": 0, ""StatusMessage"": ""success"", ""code"": 0, ""data"": {}, ""msg"": ""success""}"
2025-08-27T22:40:16.810355+00:00,demo,2025-08-28,feishu,ok,"{""StatusCode"": 0, ""StatusMessage"": ""success"", ""code"": 0, ""data"": {}, ""msg"": ""success""}"
2025-08-27T22:51:04.360253+00:00,demo,2025-08-28,feishu,ok,"{""StatusCode"": 0, ""StatusMessage"": ""success"", ""code"": 0, ""data"": {}, ""msg"": ""success""}"
2025-08-27T23:17:33.273497+00:00,demo,2025-08-28,feishu,ok,"{""StatusCode"": 0, ""StatusMessage"": ""success"", ""code"": 0, ""data"": {}, ""msg"": ""success""}"
2025-08-27T23:37:31.383632+00:00,demo,2025-08-28,feishu,ok,"{""StatusCode"": 0, ""StatusMessage"": ""success"", ""code"": 0, ""data"": {}, ""msg"": ""success""}"
2025-08-27T23:50:48.231800+00:00,demo,2025-08-28,feishu,ok,"{""StatusCode"": 0, ""StatusMessage"": ""success"", ""code"": 0, ""data"": {}, ""msg"": ""success""}"
2025-08-28T01:27:01.737964+00:00,demo,2025-08-28,feishu,ok,"{""StatusCode"": 0, ""StatusMessage"": ""success"", ""code"": 0, ""data"": {}, ""msg"": ""success""}"
2025-08-28T02:50:02.310880+00:00,demo,2025-08-28,feishu,ok,"{""StatusCode"": 0, ""StatusMessage"": ""success"", ""code"": 0, ""data"": {}, ""msg"": ""success""}"
2025-08-28T03:34:40.788531+00:00,demo,2025-08-28,feishu,ok,"{""StatusCode"": 0, ""StatusMessage"": ""success"", ""code"": 0, ""data"": {}, ""msg"": ""success""}"
2025-08-28T03:54:27.302611+00:00,demo,2025-08-28,feishu,ok,"{""StatusCode"": 0, ""StatusMessage"": ""success"", ""code"": 0, ""data"": {}, ""msg"": ""success""}"
2025-08-28T04:23:18.640560+00:00,demo,2025-08-28,feishu,ok,"{""StatusCode"": 0, ""StatusMessage"": ""success"", ""code"": 0, ""data"": {}, ""msg"": ""success""}"
2025-08-28T04:43:20.295912+00:00,demo,2025-08-28,feishu,ok,"{""StatusCode"": 0, ""StatusMessage"": ""success"", ""code"": 0, ""data"": {}, ""msg"": ""success""}"
2025-08-28T04:54:20.213120+00:00,demo,2025-08-28,feishu,ok,"{""StatusCode"": 0, ""StatusMessage"": ""success"", ""code"": 0, ""data"": {}, ""msg"": ""success""}"
2025-08-28T05:19:03.872560+00:00,demo,2025-08-28,feishu,ok,"{""StatusCode"": 0, ""StatusMessage"": ""success"", ""code"": 0, ""data"": {}, ""msg"": ""success""}"
2025-08-28T05:41:04.256816+00:00,demo,2025-08-28,feishu,ok,"{""StatusCode"": 0, ""StatusMessage"": ""success"", ""code"": 0, ""data"": {}, ""msg"": ""success""}"
2025-08-28T05:51:58.001835+00:00,demo,2025-08-28,feishu,ok,"{""StatusCode"": 0, ""StatusMessage"": ""success"", ""code"": 0, ""data"": {}, ""msg"": ""success""}"
2025-08-28T06:29:45.788373+00:00,demo,2025-08-28,feishu,ok,"{""StatusCode"": 0, ""StatusMessage"": ""success"", ""code"": 0, ""data"": {}, ""msg"": ""success""}"
2025-08-28T06:52:04.700310+00:00,demo,2025-08-28,feishu,ok,"{""StatusCode"": 0, ""StatusMessage"": ""success"", ""code"": 0, ""data"": {}, ""msg"": ""success""}"
2025-08-28T07:19:19.219875+00:00,demo,2025-08-28,feishu,ok,"{""StatusCode"": 0, ""StatusMessage"": ""success"", ""code"": 0, ""data"": {}, ""msg"": ""success""}"
2025-08-28T07:39:15.638803+00:00,demo,2025-08-28,feishu,ok,"{""StatusCode"": 0, ""StatusMessage"": ""success"", ""code"": 0, ""data"": {}, ""msg"": ""success""}"
2025-08-28T07:51:02.568117+00:00,demo,2025-08-28,feishu,ok,"{""StatusCode"": 0, ""StatusMessage"": ""success"", ""code"": 0, ""data"": {}, ""msg"": ""success""}"
2025-08-28T08:26:13.657096+00:00,demo,2025-08-28,feishu,ok,"{""StatusCode"": 0, ""StatusMessage"": ""success"", ""code"": 0, ""data"": {}, ""msg"": ""success""}"
2025-08-28T08:47:39.249004+00:00,demo,2025-08-28,feishu,ok,"{""StatusCode"": 0, ""StatusMessage"": ""success"", ""code"": 0, ""data"": {}, ""msg"": ""success""}"
2025-08-28T09:20:42.769266+00:00,demo,2025-08-28,feishu,ok,"{""StatusCode"": 0, ""StatusMessage"": ""success"", ""code"": 0, ""data"": {}, ""msg"": ""success""}"
2025-08-28T09:40:50.909904+00:00,demo,2025-08-28,feishu,ok,"{""StatusCode"": 0, ""StatusMessage"": ""success"", ""code"": 0, ""data"": {}, ""msg"": ""success""}"
2025-08-28T09:51:49.230786+00:00,demo,2025-08-28,feishu,ok,"{""StatusCode"": 0, ""StatusMessage"": ""success"", ""code"": 0, ""data"": {}, ""msg"": ""success""}"
2025-08-28T10:20:47.108406+00:00,demo,2025-08-28,feishu,ok,"{""StatusCode"": 0, ""StatusMessage"": ""success"", ""code"": 0, ""data"": {}, ""msg"": ""success""}"
2025-08-28T10:42:49+00:00,demo,2025-08-28,feishu,ok,"{""StatusCode"": 0, ""StatusMessage"": ""success"", ""code"": 0, ""data"": {}, ""msg"": ""success""}"
2025-08-28T10:53:36.337476+00:00,demo,2025-08-28,feishu,ok,"{""StatusCode"": 0, ""StatusMessage"": ""success"", ""code"": 0, ""data"": {}, ""msg"": ""success""}"
2025-08-28T16:24:45.985287+00:00,demo,2025-08-29,feishu,ok,"{""StatusCode"": 0, ""StatusMessage"": ""success"", ""code"": 0, ""data"": {}, ""msg"": ""success""}"
2025-08-28T16:46:25.852981+00:00,demo,2025-08-29,feishu,ok,"{""StatusCode"": 0, ""StatusMessage"": ""success"", ""code"": 0, ""data"": {}, ""msg"": ""success""}"
2025-08-28T17:17:05.847021+00:00,demo,2025-08-29,feishu,ok,"{""StatusCode"": 0, ""StatusMessage"": ""success"", ""code"": 0, ""data"": {}, ""msg"": ""success""}"
2025-08-28T17:40:01.696141+00:00,demo,2025-08-29,feishu,ok,"{""StatusCode"": 0, ""StatusMessage"": ""success"", ""code"": 0, ""data"": {}, ""msg"": ""success""}"
2025-08-28T17:51:07.145651+00:00,demo,2025-08-29,feishu,ok,"{""StatusCode"": 0, ""StatusMessage"": ""success"", ""code"": 0, ""data"": {}, ""msg"": ""success""}"
2025-08-28T18:27:56.901192+00:00,demo,2025-08-29,feishu,ok,"{""StatusCode"": 0, ""StatusMessage"": ""success"", ""code"": 0, ""data"": {}, ""msg"": ""success""}"
2025-08-28T18:49:57.861926+00:00,demo,2025-08-29,feishu,ok,"{""StatusCode"": 0, ""StatusMessage"": ""success"", ""code"": 0, ""data"": {}, ""msg"": ""success""}"
2025-08-28T19:15:40.454706+00:00,demo,2025-08-29,feishu,ok,"{""StatusCode"": 0, ""StatusMessage"": ""success"", ""code"": 0, ""data"": {}, ""msg"": ""success""}"
2025-08-28T19:37:35.094879+00:00,demo,2025-08-29,feishu,ok,"{""StatusCode"": 0, ""StatusMessage"": ""success"", ""code"": 0, ""data"": {}, ""msg"": ""success""}"
2025-08-28T19:51:20.124238+00:00,demo,2025-08-29,feishu,ok,"{""StatusCode"": 0, ""StatusMessage"": ""success"", ""code"": 0, ""data"": {}, ""msg"": ""success""}"
2025-08-28T20:21:05.288807+00:00,demo,2025-08-29,feishu,ok,"{""StatusCode"": 0, ""StatusMessage"": ""success"", ""code"": 0, ""data"": {}, ""msg"": ""success""}"
2025-08-28T20:40:11.553114+00:00,demo,2025-08-29,feishu,ok,"{""StatusCode"": 0, ""StatusMessage"": ""success"", ""code"": 0, ""data"": {}, ""msg"": ""success""}"
2025-08-28T20:50:47.327519+00:00,demo,2025-08-29,feishu,ok,"{""StatusCode"": 0, ""StatusMessage"": ""success"", ""code"": 0, ""data"": {}, ""msg"": ""success""}"
2025-08-28T21:17:16.778732+00:00,demo,2025-08-29,feishu,ok,"{""StatusCode"": 0, ""StatusMessage"": ""success"", ""code"": 0, ""data"": {}, ""msg"": ""success""}"
2025-08-28T21:37:29.678774+00:00,demo,2025-08-29,feishu,ok,"{""StatusCode"": 0, ""StatusMessage"": ""success"", ""code"": 0, ""data"": {}, ""msg"": ""success""}"
2025-08-28T21:51:04.780033+00:00,demo,2025-08-29,feishu,ok,"{""StatusCode"": 0, ""StatusMessage"": ""success"", ""code"": 0, ""data"": {}, ""msg"": ""success""}"
2025-08-28T22:18:06.939352+00:00,demo,2025-08-29,feishu,ok,"{""StatusCode"": 0, ""StatusMessage"": ""success"", ""code"": 0, ""data"": {}, ""msg"": ""success""}"
2025-08-28T22:39:52.649091+00:00,demo,2025-08-29,feishu,ok,"{""StatusCode"": 0, ""StatusMessage"": ""success"", ""code"": 0, ""data"": {}, ""msg"": ""success""}"
2025-08-28T22:51:05.379190+00:00,demo,2025-08-29,feishu,ok,"{""StatusCode"": 0, ""StatusMessage"": ""success"", ""code"": 0, ""data"": {}, ""msg"": ""success""}"
2025-08-28T23:17:57.133223+00:00,demo,2025-08-29,feishu,ok,"{""StatusCode"": 0, ""StatusMessage"": ""success"", ""code"": 0, ""data"": {}, ""msg"": ""success""}"
2025-08-28T23:37:24.634749+00:00,demo,2025-08-29,feishu,ok,"{""StatusCode"": 0, ""StatusMessage"": ""success"", ""code"": 0, ""data"": {}, ""msg"": ""success""}"
2025-08-28T23:50:51.296899+00:00,demo,2025-08-29,feishu,ok,"{""StatusCode"": 0, ""StatusMessage"": ""success"", ""code"": 0, ""data"": {}, ""msg"": ""success""}"
2025-08-29T01:27:25.823242+00:00,demo,2025-08-29,feishu,ok,"{""StatusCode"": 0, ""StatusMessage"": ""success"", ""code"": 0, ""data"": {}, ""msg"": ""success""}"
2025-08-29T02:50:33.464165+00:00,demo,2025-08-29,feishu,ok,"{""StatusCode"": 0, ""StatusMessage"": ""success"", ""code"": 0, ""data"": {}, ""msg"": ""success""}"
2025-08-29T03:34:16.394532+00:00,demo,2025-08-29,feishu,ok,"{""StatusCode"": 0, ""StatusMessage"": ""success"", ""code"": 0, ""data"": {}, ""msg"": ""success""}"
2025-08-29T03:54:16.481088+00:00,demo,2025-08-29,feishu,ok,"{""StatusCode"": 0, ""StatusMessage"": ""success"", ""code"": 0, ""data"": {}, ""msg"": ""success""}"
2025-08-29T04:23:58.797284+00:00,demo,2025-08-29,feishu,ok,"{""StatusCode"": 0, ""StatusMessage"": ""success"", ""code"": 0, ""data"": {}, ""msg"": ""success""}"
2025-08-29T04:43:17.777013+00:00,demo,2025-08-29,feishu,ok,"{""StatusCode"": 0, ""StatusMessage"": ""success"", ""code"": 0, ""data"": {}, ""msg"": ""success""}"
2025-08-29T04:54:01.067920+00:00,demo,2025-08-29,feishu,ok,"{""StatusCode"": 0, ""StatusMessage"": ""success"", ""code"": 0, ""data"": {}, ""msg"": ""success""}"
2025-08-29T05:18:38.447049+00:00,demo,2025-08-29,feishu,ok,"{""StatusCode"": 0, ""StatusMessage"": ""success"", ""code"": 0, ""data"": {}, ""msg"": ""success""}"
2025-08-29T05:40:28.729948+00:00,demo,2025-08-29,feishu,ok,"{""StatusCode"": 0, ""StatusMessage"": ""success"", ""code"": 0, ""data"": {}, ""msg"": ""success""}"
2025-08-29T05:51:21.434001+00:00,demo,2025-08-29,feishu,ok,"{""StatusCode"": 0, ""StatusMessage"": ""success"", ""code"": 0, ""data"": {}, ""msg"": ""success""}"
2025-08-29T06:29:04.910812+00:00,demo,2025-08-29,feishu,ok,"{""StatusCode"": 0, ""StatusMessage"": ""success"", ""code"": 0, ""data"": {}, ""msg"": ""success""}"
2025-08-29T06:50:38.956557+00:00,demo,2025-08-29,feishu,ok,"{""StatusCode"": 0, ""StatusMessage"": ""success"", ""code"": 0, ""data"": {}, ""msg"": ""success""}"
2025-08-29T07:18:36.099689+00:00,demo,2025-08-29,feishu,ok,"{""StatusCode"": 0, ""StatusMessage"": ""success"", ""code"": 0, ""data"": {}, ""msg"": ""success""}"
2025-08-29T07:38:20.487435+00:00,demo,2025-08-29,feishu,ok,"{""StatusCode"": 0, ""StatusMessage"": ""success"", ""code"": 0, ""data"": {}, ""msg"": ""success""}"
2025-08-29T07:51:06.174127+00:00,demo,2025-08-29,feishu,ok,"{""StatusCode"": 0, ""StatusMessage"": ""success"", ""code"": 0, ""data"": {}, ""msg"": ""success""}"
2025-08-29T08:25:58.898779+00:00,demo,2025-08-29,feishu,ok,"{""StatusCode"": 0, ""StatusMessage"": ""success"", ""code"": 0, ""data"": {}, ""msg"": ""success""}"
2025-08-29T08:46:39.116551+00:00,demo,2025-08-29,feishu,ok,"{""StatusCode"": 0, ""StatusMessage"": ""success"", ""code"": 0, ""data"": {}, ""msg"": ""success""}"
2025-08-29T09:20:37.010175+00:00,demo,2025-08-29,feishu,ok,"{""StatusCode"": 0, ""StatusMessage"": ""success"", ""code"": 0, ""data"": {}, ""msg"": ""success""}"
2025-08-29T09:40:38.171879+00:00,demo,2025-08-29,feishu,ok,"{""StatusCode"": 0, ""StatusMessage"": ""success"", ""code"": 0, ""data"": {}, ""msg"": ""success""}"
2025-08-29T09:51:29.859209+00:00,demo,2025-08-29,feishu,ok,"{""StatusCode"": 0, ""StatusMessage"": ""success"", ""code"": 0, ""data"": {}, ""msg"": ""success""}"
2025-08-29T10:19:47.034272+00:00,demo,2025-08-29,feishu,ok,"{""StatusCode"": 0, ""StatusMessage"": ""success"", ""code"": 0, ""data"": {}, ""msg"": ""success""}"
2025-08-29T10:42:01.006601+00:00,demo,2025-08-29,feishu,ok,"{""StatusCode"": 0, ""StatusMessage"": ""success"", ""code"": 0, ""data"": {}, ""msg"": ""success""}"
2025-08-29T10:52:56.001845+00:00,demo,2025-08-29,feishu,ok,"{""StatusCode"": 0, ""StatusMessage"": ""success"", ""code"": 0, ""data"": {}, ""msg"": ""success""}"
2025-08-29T16:24:02.252425+00:00,demo,2025-08-30,feishu,ok,"{""StatusCode"": 0, ""StatusMessage"": ""success"", ""code"": 0, ""data"": {}, ""msg"": ""success""}"
2025-08-29T16:45:58.471009+00:00,demo,2025-08-30,feishu,ok,"{""StatusCode"": 0, ""StatusMessage"": ""success"", ""code"": 0, ""data"": {}, ""msg"": ""success""}"
2025-08-29T17:16:51.045538+00:00,demo,2025-08-30,feishu,ok,"{""StatusCode"": 0, ""StatusMessage"": ""success"", ""code"": 0, ""data"": {}, ""msg"": ""success""}"
2025-08-29T17:39:23.758746+00:00,demo,2025-08-30,feishu,ok,"{""StatusCode"": 0, ""StatusMessage"": ""success"", ""code"": 0, ""data"": {}, ""msg"": ""success""}"
2025-08-29T17:51:06.998696+00:00,demo,2025-08-30,feishu,ok,"{""StatusCode"": 0, ""StatusMessage"": ""success"", ""code"": 0, ""data"": {}, ""msg"": ""success""}"
2025-08-29T18:25:39.100407+00:00,demo,2025-08-30,feishu,ok,"{""StatusCode"": 0, ""StatusMessage"": ""success"", ""code"": 0, ""data"": {}, ""msg"": ""success""}"
2025-08-29T18:46:20.848759+00:00,demo,2025-08-30,feishu,ok,"{""StatusCode"": 0, ""StatusMessage"": ""success"", ""code"": 0, ""data"": {}, ""msg"": ""success""}"
2025-08-29T19:14:32.458573+00:00,demo,2025-08-30,feishu,ok,"{""StatusCode"": 0, ""StatusMessage"": ""success"", ""code"": 0, ""data"": {}, ""msg"": ""success""}"
2025-08-29T19:26:24.518845+00:00,demo,2025-08-30,feishu,ok,"{""StatusCode"": 0, ""StatusMessage"": ""success"", ""code"": 0, ""data"": {}, ""msg"": ""success""}"
2025-08-29T19:38:40.047864+00:00,demo,2025-08-30,feishu,ok,"{""StatusCode"": 0, ""StatusMessage"": ""success"", ""code"": 0, ""data"": {}, ""msg"": ""success""}"
2025-08-29T19:51:02.743777+00:00,demo,2025-08-30,feishu,ok,"{""StatusCode"": 0, ""StatusMessage"": ""success"", ""code"": 0, ""data"": {}, ""msg"": ""success""}"
2025-08-29T20:20:20.695292+00:00,demo,2025-08-30,feishu,ok,"{""StatusCode"": 0, ""StatusMessage"": ""success"", ""code"": 0, ""data"": {}, ""msg"": ""success""}"
2025-08-29T20:39:24.947566+00:00,demo,2025-08-30,feishu,ok,"{""StatusCode"": 0, ""StatusMessage"": ""success"", ""code"": 0, ""data"": {}, ""msg"": ""success""}"
2025-08-29T20:51:14.956503+00:00,demo,2025-08-30,feishu,ok,"{""StatusCode"": 0, ""StatusMessage"": ""success"", ""code"": 0, ""data"": {}, ""msg"": ""success""}"
2025-08-29T21:16:57.195487+00:00,demo,2025-08-30,feishu,ok,"{""StatusCode"": 0, ""StatusMessage"": ""success"", ""code"": 0, ""data"": {}, ""msg"": ""success""}"
2025-08-29T21:36:51.894303+00:00,demo,2025-08-30,feishu,ok,"{""StatusCode"": 0, ""StatusMessage"": ""success"", ""code"": 0, ""data"": {}, ""msg"": ""success""}"
2025-08-29T21:51:07.739094+00:00,demo,2025-08-30,feishu,ok,"{""StatusCode"": 0, ""StatusMessage"": ""success"", ""code"": 0, ""data"": {}, ""msg"": ""success""}"
2025-08-29T22:17:45.497226+00:00,demo,2025-08-30,feishu,ok,"{""StatusCode"": 0, ""StatusMessage"": ""success"", ""code"": 0, ""data"": {}, ""msg"": ""success""}"
2025-08-29T22:39:43.169097+00:00,demo,2025-08-30,feishu,ok,"{""StatusCode"": 0, ""StatusMessage"": ""success"", ""code"": 0, ""data"": {}, ""msg"": ""success""}"
2025-08-29T22:50:47.922878+00:00,demo,2025-08-30,feishu,ok,"{""StatusCode"": 0, ""StatusMessage"": ""success"", ""code"": 0, ""data"": {}, ""msg"": ""success""}"
2025-08-29T23:17:55.831456+00:00,demo,2025-08-30,feishu,ok,"{""StatusCode"": 0, ""StatusMessage"": ""success"", ""code"": 0, ""data"": {}, ""msg"": ""success""}"
2025-08-29T23:37:06.682973+00:00,demo,2025-08-30,feishu,ok,"{""StatusCode"": 0, ""StatusMessage"": ""success"", ""code"": 0, ""data"": {}, ""msg"": ""success""}"
2025-08-29T23:50:33.904341+00:00,demo,2025-08-30,feishu,ok,"{""StatusCode"": 0, ""StatusMessage"": ""success"", ""code"": 0, ""data"": {}, ""msg"": ""success""}"
2025-08-30T01:23:07.779638+00:00,demo,2025-08-30,feishu,ok,"{""StatusCode"": 0, ""StatusMessage"": ""success"", ""code"": 0, ""data"": {}, ""msg"": ""success""}"
2025-08-30T02:41:50.534704+00:00,demo,2025-08-30,feishu,ok,"{""StatusCode"": 0, ""StatusMessage"": ""success"", ""code"": 0, ""data"": {}, ""msg"": ""success""}"
2025-08-30T03:19:34.750883+00:00,demo,2025-08-30,feishu,ok,"{""StatusCode"": 0, ""StatusMessage"": ""success"", ""code"": 0, ""data"": {}, ""msg"": ""success""}"
2025-08-30T03:45:58.883989+00:00,demo,2025-08-30,feishu,ok,"{""StatusCode"": 0, ""StatusMessage"": ""success"", ""code"": 0, ""data"": {}, ""msg"": ""success""}"
2025-08-30T04:21:55.731526+00:00,demo,2025-08-30,feishu,ok,"{""StatusCode"": 0, ""StatusMessage"": ""success"", ""code"": 0, ""data"": {}, ""msg"": ""success""}"
2025-08-30T04:41:08.947818+00:00,demo,2025-08-30,feishu,ok,"{""StatusCode"": 0, ""StatusMessage"": ""success"", ""code"": 0, ""data"": {}, ""msg"": ""success""}"
2025-08-30T04:52:02.379868+00:00,demo,2025-08-30,feishu,ok,"{""StatusCode"": 0, ""StatusMessage"": ""success"", ""code"": 0, ""data"": {}, ""msg"": ""success""}"
2025-08-30T05:17:19.558892+00:00,demo,2025-08-30,feishu,ok,"{""StatusCode"": 0, ""StatusMessage"": ""success"", ""code"": 0, ""data"": {}, ""msg"": ""success""}"
2025-08-30T05:38:54.722747+00:00,demo,2025-08-30,feishu,ok,"{""StatusCode"": 0, ""StatusMessage"": ""success"", ""code"": 0, ""data"": {}, ""msg"": ""success""}"
2025-08-30T05:50:58.452024+00:00,demo,2025-08-30,feishu,ok,"{""StatusCode"": 0, ""StatusMessage"": ""success"", ""code"": 0, ""data"": {}, ""msg"": ""success""}"
2025-08-30T06:25:45.063516+00:00,demo,2025-08-30,feishu,ok,"{""StatusCode"": 0, ""StatusMessage"": ""success"", ""code"": 0, ""data"": {}, ""msg"": ""success""}"
2025-08-30T06:45:38.715105+00:00,demo,2025-08-30,feishu,ok,"{""StatusCode"": 0, ""StatusMessage"": ""success"", ""code"": 0, ""data"": {}, ""msg"": ""success""}"
2025-08-30T07:16:13.454353+00:00,demo,2025-08-30,feishu,ok,"{""StatusCode"": 0, ""StatusMessage"": ""success"", ""code"": 0, ""data"": {}, ""msg"": ""success""}"
2025-08-30T07:37:16.808309+00:00,demo,2025-08-30,feishu,ok,"{""StatusCode"": 0, ""StatusMessage"": ""success"", ""code"": 0, ""data"": {}, ""msg"": ""success""}"
2025-08-30T07:50:44.461831+00:00,demo,2025-08-30,feishu,ok,"{""StatusCode"": 0, ""StatusMessage"": ""success"", ""code"": 0, ""data"": {}, ""msg"": ""success""}"
2025-08-30T08:22:32.540547+00:00,demo,2025-08-30,feishu,ok,"{""StatusCode"": 0, ""StatusMessage"": ""success"", ""code"": 0, ""data"": {}, ""msg"": ""success""}"
2025-08-30T08:42:18.859762+00:00,demo,2025-08-30,feishu,ok,"{""StatusCode"": 0, ""StatusMessage"": ""success"", ""code"": 0, ""data"": {}, ""msg"": ""success""}"
2025-08-30T08:53:09.988830+00:00,demo,2025-08-30,feishu,ok,"{""StatusCode"": 0, ""StatusMessage"": ""success"", ""code"": 0, ""data"": {}, ""msg"": ""success""}"
2025-08-30T09:17:32.558287+00:00,demo,2025-08-30,feishu,ok,"{""StatusCode"": 0, ""StatusMessage"": ""success"", ""code"": 0, ""data"": {}, ""msg"": ""success""}"
2025-08-30T09:36:50.916714+00:00,demo,2025-08-30,feishu,ok,"{""StatusCode"": 0, ""StatusMessage"": ""success"", ""code"": 0, ""data"": {}, ""msg"": ""success""}"
2025-08-30T09:50:41.343423+00:00,demo,2025-08-30,feishu,ok,"{""StatusCode"": 0, ""StatusMessage"": ""success"", ""code"": 0, ""data"": {}, ""msg"": ""success""}"
2025-08-30T10:17:33.776626+00:00,demo,2025-08-30,feishu,ok,"{""StatusCode"": 0, ""StatusMessage"": ""success"", ""code"": 0, ""data"": {}, ""msg"": ""success""}"
2025-08-30T10:39:29.739674+00:00,demo,2025-08-30,feishu,ok,"{""StatusCode"": 0, ""StatusMessage"": ""success"", ""code"": 0, ""data"": {}, ""msg"": ""success""}"
2025-08-30T10:51:12.788130+00:00,demo,2025-08-30,feishu,ok,"{""StatusCode"": 0, ""StatusMessage"": ""success"", ""code"": 0, ""data"": {}, ""msg"": ""success""}"
2025-08-30T16:21:23.317423+00:00,demo,2025-08-31,feishu,ok,"{""StatusCode"": 0, ""StatusMessage"": ""success"", ""code"": 0, ""data"": {}, ""msg"": ""success""}"
2025-08-30T16:42:17.674375+00:00,demo,2025-08-31,feishu,ok,"{""StatusCode"": 0, ""StatusMessage"": ""success"", ""code"": 0, ""data"": {}, ""msg"": ""success""}"
2025-08-30T16:52:47.024293+00:00,demo,2025-08-31,feishu,ok,"{""StatusCode"": 0, ""StatusMessage"": ""success"", ""code"": 0, ""data"": {}, ""msg"": ""success""}"
2025-08-30T17:14:37.184598+00:00,demo,2025-08-31,feishu,ok,"{""StatusCode"": 0, ""StatusMessage"": ""success"", ""code"": 0, ""data"": {}, ""msg"": ""success""}"
2025-08-30T17:29:36.517463+00:00,demo,2025-08-31,feishu,ok,"{""StatusCode"": 0, ""StatusMessage"": ""success"", ""code"": 0, ""data"": {}, ""msg"": ""success""}"
2025-08-30T17:40:48.016364+00:00,demo,2025-08-31,feishu,ok,"{""StatusCode"": 0, ""StatusMessage"": ""success"", ""code"": 0, ""data"": {}, ""msg"": ""success""}"
2025-08-30T17:51:38.310470+00:00,demo,2025-08-31,feishu,ok,"{""StatusCode"": 0, ""StatusMessage"": ""success"", ""code"": 0, ""data"": {}, ""msg"": ""success""}"
2025-08-30T18:24:30.496471+00:00,demo,2025-08-31,feishu,ok,"{""StatusCode"": 0, ""StatusMessage"": ""success"", ""code"": 0, ""data"": {}, ""msg"": ""success""}"
2025-08-30T18:44:17.934089+00:00,demo,2025-08-31,feishu,ok,"{""StatusCode"": 0, ""StatusMessage"": ""success"", ""code"": 0, ""data"": {}, ""msg"": ""success""}"
2025-08-30T18:55:07.130727+00:00,demo,2025-08-31,feishu,ok,"{""StatusCode"": 0, ""StatusMessage"": ""success"", ""code"": 0, ""data"": {}, ""msg"": ""success""}"
2025-08-30T19:13:39.559115+00:00,demo,2025-08-31,feishu,ok,"{""StatusCode"": 0, ""StatusMessage"": ""success"", ""code"": 0, ""data"": {}, ""msg"": ""success""}"
2025-08-30T19:24:55.461527+00:00,demo,2025-08-31,feishu,ok,"{""StatusCode"": 0, ""StatusMessage"": ""success"", ""code"": 0, ""data"": {}, ""msg"": ""success""}"
2025-08-30T19:37:44.067151+00:00,demo,2025-08-31,feishu,ok,"{""StatusCode"": 0, ""StatusMessage"": ""success"", ""code"": 0, ""data"": {}, ""msg"": ""success""}"
2025-08-30T19:51:04.115170+00:00,demo,2025-08-31,feishu,ok,"{""StatusCode"": 0, ""StatusMessage"": ""success"", ""code"": 0, ""data"": {}, ""msg"": ""success""}"
2025-08-30T20:19:06.564962+00:00,demo,2025-08-31,feishu,ok,"{""StatusCode"": 0, ""StatusMessage"": ""success"", ""code"": 0, ""data"": {}, ""msg"": ""success""}"
2025-08-30T20:38:34.735046+00:00,demo,2025-08-31,feishu,ok,"{""StatusCode"": 0, ""StatusMessage"": ""success"", ""code"": 0, ""data"": {}, ""msg"": ""success""}"
2025-08-30T20:51:09.149107+00:00,demo,2025-08-31,feishu,ok,"{""StatusCode"": 0, ""StatusMessage"": ""success"", ""code"": 0, ""data"": {}, ""msg"": ""success""}"
2025-08-30T21:16:18.449879+00:00,demo,2025-08-31,feishu,ok,"{""StatusCode"": 0, ""StatusMessage"": ""success"", ""code"": 0, ""data"": {}, ""msg"": ""success""}"
2025-08-30T21:37:07.598612+00:00,demo,2025-08-31,feishu,ok,"{""StatusCode"": 0, ""StatusMessage"": ""success"", ""code"": 0, ""data"": {}, ""msg"": ""success""}"
2025-08-30T21:50:39.019964+00:00,demo,2025-08-31,feishu,ok,"{""StatusCode"": 0, ""StatusMessage"": ""success"", ""code"": 0, ""data"": {}, ""msg"": ""success""}"
2025-08-30T22:16:41.658779+00:00,demo,2025-08-31,feishu,ok,"{""StatusCode"": 0, ""StatusMessage"": ""success"", ""code"": 0, ""data"": {}, ""msg"": ""success""}"
2025-08-30T22:39:02.995737+00:00,demo,2025-08-31,feishu,ok,"{""StatusCode"": 0, ""StatusMessage"": ""success"", ""code"": 0, ""data"": {}, ""msg"": ""success""}"
2025-08-30T22:51:00.215847+00:00,demo,2025-08-31,feishu,ok,"{""StatusCode"": 0, ""StatusMessage"": ""success"", ""code"": 0, ""data"": {}, ""msg"": ""success""}"
2025-08-30T23:16:55.830570+00:00,demo,2025-08-31,feishu,ok,"{""StatusCode"": 0, ""StatusMessage"": ""success"", ""code"": 0, ""data"": {}, ""msg"": ""success""}"
2025-08-30T23:37:39.543730+00:00,demo,2025-08-31,feishu,ok,"{""StatusCode"": 0, ""StatusMessage"": ""success"", ""code"": 0, ""data"": {}, ""msg"": ""success""}"
2025-08-30T23:50:57.666597+00:00,demo,2025-08-31,feishu,ok,"{""StatusCode"": 0, ""StatusMessage"": ""success"", ""code"": 0, ""data"": {}, ""msg"": ""success""}"
2025-08-31T01:39:29.707832+00:00,demo,2025-08-31,feishu,ok,"{""StatusCode"": 0, ""StatusMessage"": ""success"", ""code"": 0, ""data"": {}, ""msg"": ""success""}"
2025-08-31T02:58:48.748126+00:00,demo,2025-08-31,feishu,ok,"{""StatusCode"": 0, ""StatusMessage"": ""success"", ""code"": 0, ""data"": {}, ""msg"": ""success""}"
2025-08-31T03:39:30.630150+00:00,demo,2025-08-31,feishu,ok,"{""StatusCode"": 0, ""StatusMessage"": ""success"", ""code"": 0, ""data"": {}, ""msg"": ""success""}"
2025-08-31T03:55:31.517599+00:00,demo,2025-08-31,feishu,ok,"{""StatusCode"": 0, ""StatusMessage"": ""success"", ""code"": 0, ""data"": {}, ""msg"": ""success""}"
2025-08-31T04:23:12.516844+00:00,demo,2025-08-31,feishu,ok,"{""StatusCode"": 0, ""StatusMessage"": ""success"", ""code"": 0, ""data"": {}, ""msg"": ""success""}"
2025-08-31T04:41:50.090859+00:00,demo,2025-08-31,feishu,ok,"{""StatusCode"": 0, ""StatusMessage"": ""success"", ""code"": 0, ""data"": {}, ""msg"": ""success""}"
2025-08-31T04:52:26.112064+00:00,demo,2025-08-31,feishu,ok,"{""StatusCode"": 0, ""StatusMessage"": ""success"", ""code"": 0, ""data"": {}, ""msg"": ""success""}"
2025-08-31T05:17:43.977632+00:00,demo,2025-08-31,feishu,ok,"{""StatusCode"": 0, ""StatusMessage"": ""success"", ""code"": 0, ""data"": {}, ""msg"": ""success""}"
2025-08-31T05:39:45.021369+00:00,demo,2025-08-31,feishu,ok,"{""StatusCode"": 0, ""StatusMessage"": ""success"", ""code"": 0, ""data"": {}, ""msg"": ""success""}"
2025-08-31T05:50:55.479725+00:00,demo,2025-08-31,feishu,ok,"{""StatusCode"": 0, ""StatusMessage"": ""success"", ""code"": 0, ""data"": {}, ""msg"": ""success""}"
2025-08-31T06:27:07.344291+00:00,demo,2025-08-31,feishu,ok,"{""StatusCode"": 0, ""StatusMessage"": ""success"", ""code"": 0, ""data"": {}, ""msg"": ""success""}"
2025-08-31T06:47:21.895011+00:00,demo,2025-08-31,feishu,ok,"{""StatusCode"": 0, ""StatusMessage"": ""success"", ""code"": 0, ""data"": {}, ""msg"": ""success""}"
2025-08-31T07:17:11.222364+00:00,demo,2025-08-31,feishu,ok,"{""StatusCode"": 0, ""StatusMessage"": ""success"", ""code"": 0, ""data"": {}, ""msg"": ""success""}"
2025-08-31T07:36:39.128138+00:00,demo,2025-08-31,feishu,ok,"{""StatusCode"": 0, ""StatusMessage"": ""success"", ""code"": 0, ""data"": {}, ""msg"": ""success""}"
2025-08-31T07:51:07.802104+00:00,demo,2025-08-31,feishu,ok,"{""StatusCode"": 0, ""StatusMessage"": ""success"", ""code"": 0, ""data"": {}, ""msg"": ""success""}"
2025-08-31T08:22:35.913300+00:00,demo,2025-08-31,feishu,ok,"{""StatusCode"": 0, ""StatusMessage"": ""success"", ""code"": 0, ""data"": {}, ""msg"": ""success""}"
2025-08-31T08:41:28.904769+00:00,demo,2025-08-31,feishu,ok,"{""StatusCode"": 0, ""StatusMessage"": ""success"", ""code"": 0, ""data"": {}, ""msg"": ""success""}"
2025-08-31T08:52:09.035455+00:00,demo,2025-08-31,feishu,ok,"{""StatusCode"": 0, ""StatusMessage"": ""success"", ""code"": 0, ""data"": {}, ""msg"": ""success""}"
2025-08-31T09:17:25.462367+00:00,demo,2025-08-31,feishu,ok,"{""StatusCode"": 0, ""StatusMessage"": ""success"", ""code"": 0, ""data"": {}, ""msg"": ""success""}"
2025-08-31T09:37:25.168368+00:00,demo,2025-08-31,feishu,ok,"{""StatusCode"": 0, ""StatusMessage"": ""success"", ""code"": 0, ""data"": {}, ""msg"": ""success""}"
2025-08-31T09:50:56.138019+00:00,demo,2025-08-31,feishu,ok,"{""StatusCode"": 0, ""StatusMessage"": ""success"", ""code"": 0, ""data"": {}, ""msg"": ""success""}"
2025-08-31T10:17:47.486926+00:00,demo,2025-08-31,feishu,ok,"{""StatusCode"": 0, ""StatusMessage"": ""success"", ""code"": 0, ""data"": {}, ""msg"": ""success""}"
2025-08-31T10:39:33.521445+00:00,demo,2025-08-31,feishu,ok,"{""StatusCode"": 0, ""StatusMessage"": ""success"", ""code"": 0, ""data"": {}, ""msg"": ""success""}"
2025-08-31T10:50:57.432583+00:00,demo,2025-08-31,feishu,ok,"{""StatusCode"": 0, ""StatusMessage"": ""success"", ""code"": 0, ""data"": {}, ""msg"": ""success""}"
2025-08-31T16:21:34.224366+00:00,demo,2025-09-01,feishu,ok,"{""StatusCode"": 0, ""StatusMessage"": ""success"", ""code"": 0, ""data"": {}, ""msg"": ""success""}"
2025-08-31T16:42:54.616031+00:00,demo,2025-09-01,feishu,ok,"{""StatusCode"": 0, ""StatusMessage"": ""success"", ""code"": 0, ""data"": {}, ""msg"": ""success""}"
2025-08-31T16:53:55.914413+00:00,demo,2025-09-01,feishu,ok,"{""StatusCode"": 0, ""StatusMessage"": ""success"", ""code"": 0, ""data"": {}, ""msg"": ""success""}"
2025-08-31T17:15:03.043308+00:00,demo,2025-09-01,feishu,ok,"{""StatusCode"": 0, ""StatusMessage"": ""success"", ""code"": 0, ""data"": {}, ""msg"": ""success""}"
2025-08-31T17:30:35.307017+00:00,demo,2025-09-01,feishu,ok,"{""StatusCode"": 0, ""StatusMessage"": ""success"", ""code"": 0, ""data"": {}, ""msg"": ""success""}"
2025-08-31T17:51:03.795166+00:00,demo,2025-09-01,feishu,ok,"{""StatusCode"": 0, ""StatusMessage"": ""success"", ""code"": 0, ""data"": {}, ""msg"": ""success""}"
2025-08-31T18:25:12.174977+00:00,demo,2025-09-01,feishu,ok,"{""StatusCode"": 0, ""StatusMessage"": ""success"", ""code"": 0, ""data"": {}, ""msg"": ""success""}"
2025-08-31T18:45:02.314956+00:00,demo,2025-09-01,feishu,ok,"{""StatusCode"": 0, ""StatusMessage"": ""success"", ""code"": 0, ""data"": {}, ""msg"": ""success""}"
2025-08-31T18:55:29.477070+00:00,demo,2025-09-01,feishu,ok,"{""StatusCode"": 0, ""StatusMessage"": ""success"", ""code"": 0, ""data"": {}, ""msg"": ""success""}"
2025-08-31T19:14:38.394496+00:00,demo,2025-09-01,feishu,ok,"{""StatusCode"": 0, ""StatusMessage"": ""success"", ""code"": 0, ""data"": {}, ""msg"": ""success""}"
2025-08-31T19:25:52.437050+00:00,demo,2025-09-01,feishu,ok,"{""StatusCode"": 0, ""StatusMessage"": ""success"", ""code"": 0, ""data"": {}, ""msg"": ""success""}"
2025-08-31T19:38:13.458507+00:00,demo,2025-09-01,feishu,ok,"{""StatusCode"": 0, ""StatusMessage"": ""success"", ""code"": 0, ""data"": {}, ""msg"": ""success""}"
2025-08-31T19:51:06.831051+00:00,demo,2025-09-01,feishu,ok,"{""StatusCode"": 0, ""StatusMessage"": ""success"", ""code"": 0, ""data"": {}, ""msg"": ""success""}"
2025-08-31T20:19:59.426540+00:00,demo,2025-09-01,feishu,ok,"{""StatusCode"": 0, ""StatusMessage"": ""success"", ""code"": 0, ""data"": {}, ""msg"": ""success""}"
2025-08-31T20:38:52.651796+00:00,demo,2025-09-01,feishu,ok,"{""StatusCode"": 0, ""StatusMessage"": ""success"", ""code"": 0, ""data"": {}, ""msg"": ""success""}"
2025-08-31T20:50:46.351253+00:00,demo,2025-09-01,feishu,ok,"{""StatusCode"": 0, ""StatusMessage"": ""success"", ""code"": 0, ""data"": {}, ""msg"": ""success""}"
2025-08-31T21:16:26.889654+00:00,demo,2025-09-01,feishu,ok,"{""StatusCode"": 0, ""StatusMessage"": ""success"", ""code"": 0, ""data"": {}, ""msg"": ""success""}"
2025-08-31T21:37:04.934055+00:00,demo,2025-09-01,feishu,ok,"{""StatusCode"": 0, ""StatusMessage"": ""success"", ""code"": 0, ""data"": {}, ""msg"": ""success""}"
2025-08-31T21:51:08.890989+00:00,demo,2025-09-01,feishu,ok,"{""StatusCode"": 0, ""StatusMessage"": ""success"", ""code"": 0, ""data"": {}, ""msg"": ""success""}"
2025-08-31T22:17:28.220393+00:00,demo,2025-09-01,feishu,ok,"{""StatusCode"": 0, ""StatusMessage"": ""success"", ""code"": 0, ""data"": {}, ""msg"": ""success""}"
2025-08-31T22:39:34.916129+00:00,demo,2025-09-01,feishu,ok,"{""StatusCode"": 0, ""StatusMessage"": ""success"", ""code"": 0, ""data"": {}, ""msg"": ""success""}"
2025-08-31T22:50:49.203162+00:00,demo,2025-09-01,feishu,ok,"{""StatusCode"": 0, ""StatusMessage"": ""success"", ""code"": 0, ""data"": {}, ""msg"": ""success""}"
2025-08-31T23:17:10.145925+00:00,demo,2025-09-01,feishu,ok,"{""StatusCode"": 0, ""StatusMessage"": ""success"", ""code"": 0, ""data"": {}, ""msg"": ""success""}"
2025-08-31T23:37:23.638272+00:00,demo,2025-09-01,feishu,ok,"{""StatusCode"": 0, ""StatusMessage"": ""success"", ""code"": 0, ""data"": {}, ""msg"": ""success""}"
2025-08-31T23:51:04.416194+00:00,demo,2025-09-01,feishu,ok,"{""StatusCode"": 0, ""StatusMessage"": ""success"", ""code"": 0, ""data"": {}, ""msg"": ""success""}"
2025-09-01T01:49:06.447369+00:00,demo,2025-09-01,feishu,ok,"{""StatusCode"": 0, ""StatusMessage"": ""success"", ""code"": 0, ""data"": {}, ""msg"": ""success""}"
2025-09-01T03:21:27.248737+00:00,demo,2025-09-01,feishu,ok,"{""StatusCode"": 0, ""StatusMessage"": ""success"", ""code"": 0, ""data"": {}, ""msg"": ""success""}"
2025-09-01T04:04:00.712406+00:00,demo,2025-09-01,feishu,ok,"{""StatusCode"": 0, ""StatusMessage"": ""success"", ""code"": 0, ""data"": {}, ""msg"": ""success""}"
2025-09-01T04:41:04.951198+00:00,demo,2025-09-01,feishu,ok,"{""StatusCode"": 0, ""StatusMessage"": ""success"", ""code"": 0, ""data"": {}, ""msg"": ""success""}"
2025-09-01T04:55:12.767657+00:00,demo,2025-09-01,feishu,ok,"{""StatusCode"": 0, ""StatusMessage"": ""success"", ""code"": 0, ""data"": {}, ""msg"": ""success""}"
2025-09-01T05:20:09.946274+00:00,demo,2025-09-01,feishu,ok,"{""StatusCode"": 0, ""StatusMessage"": ""success"", ""code"": 0, ""data"": {}, ""msg"": ""success""}"
2025-09-01T05:42:01.637121+00:00,demo,2025-09-01,feishu,ok,"{""StatusCode"": 0, ""StatusMessage"": ""success"", ""code"": 0, ""data"": {}, ""msg"": ""success""}"
2025-09-01T05:52:54.489604+00:00,demo,2025-09-01,feishu,ok,"{""StatusCode"": 0, ""StatusMessage"": ""success"", ""code"": 0, ""data"": {}, ""msg"": ""success""}"
2025-09-01T06:32:27.309143+00:00,demo,2025-09-01,feishu,ok,"{""StatusCode"": 0, ""StatusMessage"": ""success"", ""code"": 0, ""data"": {}, ""msg"": ""success""}"
2025-09-01T06:58:01.934893+00:00,demo,2025-09-01,feishu,ok,"{""StatusCode"": 0, ""StatusMessage"": ""success"", ""code"": 0, ""data"": {}, ""msg"": ""success""}"
2025-09-01T07:26:01.912577+00:00,demo,2025-09-01,feishu,ok,"{""StatusCode"": 0, ""StatusMessage"": ""success"", ""code"": 0, ""data"": {}, ""msg"": ""success""}"
2025-09-01T07:40:04.478592+00:00,demo,2025-09-01,feishu,ok,"{""StatusCode"": 0, ""StatusMessage"": ""success"", ""code"": 0, ""data"": {}, ""msg"": ""success""}"
2025-09-01T07:51:07.599758+00:00,demo,2025-09-01,feishu,ok,"{""StatusCode"": 0, ""StatusMessage"": ""success"", ""code"": 0, ""data"": {}, ""msg"": ""success""}"
2025-09-01T08:28:43.529652+00:00,demo,2025-09-01,feishu,ok,"{""StatusCode"": 0, ""StatusMessage"": ""success"", ""code"": 0, ""data"": {}, ""msg"": ""success""}"
2025-09-01T08:50:56.606464+00:00,demo,2025-09-01,feishu,ok,"{""StatusCode"": 0, ""StatusMessage"": ""success"", ""code"": 0, ""data"": {}, ""msg"": ""success""}"
2025-09-01T09:23:39.105899+00:00,demo,2025-09-01,feishu,ok,"{""StatusCode"": 0, ""StatusMessage"": ""success"", ""code"": 0, ""data"": {}, ""msg"": ""success""}"
2025-09-01T09:43:31.872063+00:00,demo,2025-09-01,feishu,ok,"{""StatusCode"": 0, ""StatusMessage"": ""success"", ""code"": 0, ""data"": {}, ""msg"": ""success""}"
2025-09-01T09:54:31.952468+00:00,demo,2025-09-01,feishu,ok,"{""StatusCode"": 0, ""StatusMessage"": ""success"", ""code"": 0, ""data"": {}, ""msg"": ""success""}"
2025-09-01T10:22:09.608129+00:00,demo,2025-09-01,feishu,ok,"{""StatusCode"": 0, ""StatusMessage"": ""success"", ""code"": 0, ""data"": {}, ""msg"": ""success""}"
2025-09-01T10:45:08.446271+00:00,demo,2025-09-01,feishu,ok,"{""StatusCode"": 0, ""StatusMessage"": ""success"", ""code"": 0, ""data"": {}, ""msg"": ""success""}"
2025-09-01T10:55:45.344243+00:00,demo,2025-09-01,feishu,ok,"{""StatusCode"": 0, ""StatusMessage"": ""success"", ""code"": 0, ""data"": {}, ""msg"": ""success""}"
2025-09-01T16:23:02.240364+00:00,demo,2025-09-02,feishu,ok,"{""StatusCode"": 0, ""StatusMessage"": ""success"", ""code"": 0, ""data"": {}, ""msg"": ""success""}"
2025-09-01T16:44:27.842043+00:00,demo,2025-09-02,feishu,ok,"{""StatusCode"": 0, ""StatusMessage"": ""success"", ""code"": 0, ""data"": {}, ""msg"": ""success""}"
2025-09-01T16:55:09.759567+00:00,demo,2025-09-02,feishu,ok,"{""StatusCode"": 0, ""StatusMessage"": ""success"", ""code"": 0, ""data"": {}, ""msg"": ""success""}"
2025-09-01T17:15:48.990365+00:00,demo,2025-09-02,feishu,ok,"{""StatusCode"": 0, ""StatusMessage"": ""success"", ""code"": 0, ""data"": {}, ""msg"": ""success""}"
2025-09-01T17:38:03.209360+00:00,demo,2025-09-02,feishu,ok,"{""StatusCode"": 0, ""StatusMessage"": ""success"", ""code"": 0, ""data"": {}, ""msg"": ""success""}"
2025-09-01T17:51:08.904643+00:00,demo,2025-09-02,feishu,ok,"{""StatusCode"": 0, ""StatusMessage"": ""success"", ""code"": 0, ""data"": {}, ""msg"": ""success""}"
2025-09-01T18:26:48.467622+00:00,demo,2025-09-02,feishu,ok,"{""StatusCode"": 0, ""StatusMessage"": ""success"", ""code"": 0, ""data"": {}, ""msg"": ""success""}"
2025-09-01T18:47:12.690608+00:00,demo,2025-09-02,feishu,ok,"{""StatusCode"": 0, ""StatusMessage"": ""success"", ""code"": 0, ""data"": {}, ""msg"": ""success""}"
2025-09-01T19:14:50.086132+00:00,demo,2025-09-02,feishu,ok,"{""StatusCode"": 0, ""StatusMessage"": ""success"", ""code"": 0, ""data"": {}, ""msg"": ""success""}"
2025-09-01T19:26:45.938296+00:00,demo,2025-09-02,feishu,ok,"{""StatusCode"": 0, ""StatusMessage"": ""success"", ""code"": 0, ""data"": {}, ""msg"": ""success""}"
2025-09-01T19:39:13.943735+00:00,demo,2025-09-02,feishu,ok,"{""StatusCode"": 0, ""StatusMessage"": ""success"", ""code"": 0, ""data"": {}, ""msg"": ""success""}"
2025-09-01T19:51:00.574985+00:00,demo,2025-09-02,feishu,ok,"{""StatusCode"": 0, ""StatusMessage"": ""success"", ""code"": 0, ""data"": {}, ""msg"": ""success""}"
2025-09-01T20:19:41.308158+00:00,demo,2025-09-02,feishu,ok,"{""StatusCode"": 0, ""StatusMessage"": ""success"", ""code"": 0, ""data"": {}, ""msg"": ""success""}"
2025-09-01T20:39:23.601066+00:00,demo,2025-09-02,feishu,ok,"{""StatusCode"": 0, ""StatusMessage"": ""success"", ""code"": 0, ""data"": {}, ""msg"": ""success""}"
2025-09-01T20:51:01.032946+00:00,demo,2025-09-02,feishu,ok,"{""StatusCode"": 0, ""StatusMessage"": ""success"", ""code"": 0, ""data"": {}, ""msg"": ""success""}"
2025-09-01T21:16:14.183043+00:00,demo,2025-09-02,feishu,ok,"{""StatusCode"": 0, ""StatusMessage"": ""success"", ""code"": 0, ""data"": {}, ""msg"": ""success""}"
2025-09-01T21:37:25.998702+00:00,demo,2025-09-02,feishu,ok,"{""StatusCode"": 0, ""StatusMessage"": ""success"", ""code"": 0, ""data"": {}, ""msg"": ""success""}"
2025-09-01T21:51:00.565844+00:00,demo,2025-09-02,feishu,ok,"{""StatusCode"": 0, ""StatusMessage"": ""success"", ""code"": 0, ""data"": {}, ""msg"": ""success""}"
2025-09-01T22:17:40.118089+00:00,demo,2025-09-02,feishu,ok,"{""StatusCode"": 0, ""StatusMessage"": ""success"", ""code"": 0, ""data"": {}, ""msg"": ""success""}"
2025-09-01T22:39:55.100606+00:00,demo,2025-09-02,feishu,ok,"{""StatusCode"": 0, ""StatusMessage"": ""success"", ""code"": 0, ""data"": {}, ""msg"": ""success""}"
2025-09-01T22:51:03.906672+00:00,demo,2025-09-02,feishu,ok,"{""StatusCode"": 0, ""StatusMessage"": ""success"", ""code"": 0, ""data"": {}, ""msg"": ""success""}"
2025-09-01T23:17:37.470593+00:00,demo,2025-09-02,feishu,ok,"{""StatusCode"": 0, ""StatusMessage"": ""success"", ""code"": 0, ""data"": {}, ""msg"": ""success""}"
2025-09-01T23:37:58.061691+00:00,demo,2025-09-02,feishu,ok,"{""StatusCode"": 0, ""StatusMessage"": ""success"", ""code"": 0, ""data"": {}, ""msg"": ""success""}"
2025-09-01T23:50:41.745111+00:00,demo,2025-09-02,feishu,ok,"{""StatusCode"": 0, ""StatusMessage"": ""success"", ""code"": 0, ""data"": {}, ""msg"": ""success""}"
2025-09-02T01:36:33.679222+00:00,demo,2025-09-02,feishu,ok,"{""StatusCode"": 0, ""StatusMessage"": ""success"", ""code"": 0, ""data"": {}, ""msg"": ""success""}"
2025-09-02T02:58:50.124128+00:00,demo,2025-09-02,feishu,ok,"{""StatusCode"": 0, ""StatusMessage"": ""success"", ""code"": 0, ""data"": {}, ""msg"": ""success""}"
2025-09-02T03:41:04.339112+00:00,demo,2025-09-02,feishu,ok,"{""StatusCode"": 0, ""StatusMessage"": ""success"", ""code"": 0, ""data"": {}, ""msg"": ""success""}"
2025-09-02T03:57:10.274706+00:00,demo,2025-09-02,feishu,ok,"{""StatusCode"": 0, ""StatusMessage"": ""success"", ""code"": 0, ""data"": {}, ""msg"": ""success""}"
2025-09-02T04:28:59.152624+00:00,demo,2025-09-02,feishu,ok,"{""StatusCode"": 0, ""StatusMessage"": ""success"", ""code"": 0, ""data"": {}, ""msg"": ""success""}"
2025-09-02T04:46:29.219981+00:00,demo,2025-09-02,feishu,ok,"{""StatusCode"": 0, ""StatusMessage"": ""success"", ""code"": 0, ""data"": {}, ""msg"": ""success""}"
2025-09-02T05:19:35.199232+00:00,demo,2025-09-02,feishu,ok,"{""StatusCode"": 0, ""StatusMessage"": ""success"", ""code"": 0, ""data"": {}, ""msg"": ""success""}"
2025-09-02T05:41:51.949434+00:00,demo,2025-09-02,feishu,ok,"{""StatusCode"": 0, ""StatusMessage"": ""success"", ""code"": 0, ""data"": {}, ""msg"": ""success""}"
2025-09-02T05:52:25.665007+00:00,demo,2025-09-02,feishu,ok,"{""StatusCode"": 0, ""StatusMessage"": ""success"", ""code"": 0, ""data"": {}, ""msg"": ""success""}"
2025-09-02T06:30:22.727890+00:00,demo,2025-09-02,feishu,ok,"{""StatusCode"": 0, ""StatusMessage"": ""success"", ""code"": 0, ""data"": {}, ""msg"": ""success""}"
2025-09-02T06:56:18.256084+00:00,demo,2025-09-02,feishu,ok,"{""StatusCode"": 0, ""StatusMessage"": ""success"", ""code"": 0, ""data"": {}, ""msg"": ""success""}"
2025-09-02T07:21:42.138608+00:00,demo,2025-09-02,feishu,ok,"{""StatusCode"": 0, ""StatusMessage"": ""success"", ""code"": 0, ""data"": {}, ""msg"": ""success""}"
2025-09-02T07:39:28.515403+00:00,demo,2025-09-02,feishu,ok,"{""StatusCode"": 0, ""StatusMessage"": ""success"", ""code"": 0, ""data"": {}, ""msg"": ""success""}"
2025-09-02T07:51:12.588248+00:00,demo,2025-09-02,feishu,ok,"{""StatusCode"": 0, ""StatusMessage"": ""success"", ""code"": 0, ""data"": {}, ""msg"": ""success""}"
2025-09-02T08:26:59.510860+00:00,demo,2025-09-02,feishu,ok,"{""StatusCode"": 0, ""StatusMessage"": ""success"", ""code"": 0, ""data"": {}, ""msg"": ""success""}"
2025-09-02T08:48:48.673428+00:00,demo,2025-09-02,feishu,ok,"{""StatusCode"": 0, ""StatusMessage"": ""success"", ""code"": 0, ""data"": {}, ""msg"": ""success""}"
2025-09-02T09:21:09.046373+00:00,demo,2025-09-02,feishu,ok,"{""StatusCode"": 0, ""StatusMessage"": ""success"", ""code"": 0, ""data"": {}, ""msg"": ""success""}"
2025-09-02T09:41:11.693995+00:00,demo,2025-09-02,feishu,ok,"{""StatusCode"": 0, ""StatusMessage"": ""success"", ""code"": 0, ""data"": {}, ""msg"": ""success""}"
2025-09-02T09:51:50.814272+00:00,demo,2025-09-02,feishu,ok,"{""StatusCode"": 0, ""StatusMessage"": ""success"", ""code"": 0, ""data"": {}, ""msg"": ""success""}"
2025-09-02T10:20:46.307122+00:00,demo,2025-09-02,feishu,ok,"{""StatusCode"": 0, ""StatusMessage"": ""success"", ""code"": 0, ""data"": {}, ""msg"": ""success""}"
2025-09-02T10:42:57.997317+00:00,demo,2025-09-02,feishu,ok,"{""StatusCode"": 0, ""StatusMessage"": ""success"", ""code"": 0, ""data"": {}, ""msg"": ""success""}"
2025-09-02T10:53:55.190870+00:00,demo,2025-09-02,feishu,ok,"{""StatusCode"": 0, ""StatusMessage"": ""success"", ""code"": 0, ""data"": {}, ""msg"": ""success""}"
2025-09-02T16:24:28.219663+00:00,demo,2025-09-03,feishu,ok,"{""StatusCode"": 0, ""StatusMessage"": ""success"", ""code"": 0, ""data"": {}, ""msg"": ""success""}"
2025-09-02T16:46:58.315884+00:00,demo,2025-09-03,feishu,ok,"{""StatusCode"": 0, ""StatusMessage"": ""success"", ""code"": 0, ""data"": {}, ""msg"": ""success""}"
2025-09-02T17:16:07.544219+00:00,demo,2025-09-03,feishu,ok,"{""StatusCode"": 0, ""StatusMessage"": ""success"", ""code"": 0, ""data"": {}, ""msg"": ""success""}"
2025-09-02T17:39:18.794265+00:00,demo,2025-09-03,feishu,ok,"{""StatusCode"": 0, ""StatusMessage"": ""success"", ""code"": 0, ""data"": {}, ""msg"": ""success""}"
2025-09-02T17:51:15.537357+00:00,demo,2025-09-03,feishu,ok,"{""StatusCode"": 0, ""StatusMessage"": ""success"", ""code"": 0, ""data"": {}, ""msg"": ""success""}"
2025-09-02T18:25:55.093131+00:00,demo,2025-09-03,feishu,ok,"{""StatusCode"": 0, ""StatusMessage"": ""success"", ""code"": 0, ""data"": {}, ""msg"": ""success""}"
2025-09-02T18:46:23.904353+00:00,demo,2025-09-03,feishu,ok,"{""StatusCode"": 0, ""StatusMessage"": ""success"", ""code"": 0, ""data"": {}, ""msg"": ""success""}"
2025-09-02T19:14:29.495541+00:00,demo,2025-09-03,feishu,ok,"{""StatusCode"": 0, ""StatusMessage"": ""success"", ""code"": 0, ""data"": {}, ""msg"": ""success""}"
2025-09-02T19:25:59.771952+00:00,demo,2025-09-03,feishu,ok,"{""StatusCode"": 0, ""StatusMessage"": ""success"", ""code"": 0, ""data"": {}, ""msg"": ""success""}"
2025-09-02T19:38:12.868026+00:00,demo,2025-09-03,feishu,ok,"{""StatusCode"": 0, ""StatusMessage"": ""success"", ""code"": 0, ""data"": {}, ""msg"": ""success""}"
2025-09-02T19:51:16.155320+00:00,demo,2025-09-03,feishu,ok,"{""StatusCode"": 0, ""StatusMessage"": ""success"", ""code"": 0, ""data"": {}, ""msg"": ""success""}"
2025-09-02T20:19:36.473337+00:00,demo,2025-09-03,feishu,ok,"{""StatusCode"": 0, ""StatusMessage"": ""success"", ""code"": 0, ""data"": {}, ""msg"": ""success""}"
2025-09-02T20:38:55.099878+00:00,demo,2025-09-03,feishu,ok,"{""StatusCode"": 0, ""StatusMessage"": ""success"", ""code"": 0, ""data"": {}, ""msg"": ""success""}"
2025-09-02T20:51:11.666746+00:00,demo,2025-09-03,feishu,ok,"{""StatusCode"": 0, ""StatusMessage"": ""success"", ""code"": 0, ""data"": {}, ""msg"": ""success""}"
2025-09-02T21:16:11.428937+00:00,demo,2025-09-03,feishu,ok,"{""StatusCode"": 0, ""StatusMessage"": ""success"", ""code"": 0, ""data"": {}, ""msg"": ""success""}"
2025-09-02T21:37:14.301016+00:00,demo,2025-09-03,feishu,ok,"{""StatusCode"": 0, ""StatusMessage"": ""success"", ""code"": 0, ""data"": {}, ""msg"": ""success""}"
2025-09-02T21:50:48.610691+00:00,demo,2025-09-03,feishu,ok,"{""StatusCode"": 0, ""StatusMessage"": ""success"", ""code"": 0, ""data"": {}, ""msg"": ""success""}"
2025-09-02T22:16:23.633005+00:00,demo,2025-09-03,feishu,ok,"{""StatusCode"": 0, ""StatusMessage"": ""success"", ""code"": 0, ""data"": {}, ""msg"": ""success""}"
2025-09-02T22:38:42.130863+00:00,demo,2025-09-03,feishu,ok,"{""StatusCode"": 0, ""StatusMessage"": ""success"", ""code"": 0, ""data"": {}, ""msg"": ""success""}"
2025-09-02T22:50:42.606995+00:00,demo,2025-09-03,feishu,ok,"{""StatusCode"": 0, ""StatusMessage"": ""success"", ""code"": 0, ""data"": {}, ""msg"": ""success""}"
2025-09-02T23:16:07.074042+00:00,demo,2025-09-03,feishu,ok,"{""StatusCode"": 0, ""StatusMessage"": ""success"", ""code"": 0, ""data"": {}, ""msg"": ""success""}"
2025-09-02T23:37:10.516974+00:00,demo,2025-09-03,feishu,ok,"{""StatusCode"": 0, ""StatusMessage"": ""success"", ""code"": 0, ""data"": {}, ""msg"": ""success""}"
2025-09-02T23:50:45.687872+00:00,demo,2025-09-03,feishu,ok,"{""StatusCode"": 0, ""StatusMessage"": ""success"", ""code"": 0, ""data"": {}, ""msg"": ""success""}"
2025-09-03T01:23:09.946342+00:00,demo,2025-09-03,feishu,ok,"{""StatusCode"": 0, ""StatusMessage"": ""success"", ""code"": 0, ""data"": {}, ""msg"": ""success""}"
2025-09-03T02:41:01.448001+00:00,demo,2025-09-03,feishu,ok,"{""StatusCode"": 0, ""StatusMessage"": ""success"", ""code"": 0, ""data"": {}, ""msg"": ""success""}"
2025-09-03T03:17:23.653773+00:00,demo,2025-09-03,feishu,ok,"{""StatusCode"": 0, ""StatusMessage"": ""success"", ""code"": 0, ""data"": {}, ""msg"": ""success""}"
2025-09-03T03:44:19.610309+00:00,demo,2025-09-03,feishu,ok,"{""StatusCode"": 0, ""StatusMessage"": ""success"", ""code"": 0, ""data"": {}, ""msg"": ""success""}"
2025-09-03T03:55:06.889810+00:00,demo,2025-09-03,feishu,ok,"{""StatusCode"": 0, ""StatusMessage"": ""success"", ""code"": 0, ""data"": {}, ""msg"": ""success""}"
2025-09-03T04:22:59.562021+00:00,demo,2025-09-03,feishu,ok,"{""StatusCode"": 0, ""StatusMessage"": ""success"", ""code"": 0, ""data"": {}, ""msg"": ""success""}"
2025-09-03T04:42:20.662391+00:00,demo,2025-09-03,feishu,ok,"{""StatusCode"": 0, ""StatusMessage"": ""success"", ""code"": 0, ""data"": {}, ""msg"": ""success""}"
2025-09-03T04:53:23.186631+00:00,demo,2025-09-03,feishu,ok,"{""StatusCode"": 0, ""StatusMessage"": ""success"", ""code"": 0, ""data"": {}, ""msg"": ""success""}"
2025-09-03T05:17:40.092857+00:00,demo,2025-09-03,feishu,ok,"{""StatusCode"": 0, ""StatusMessage"": ""success"", ""code"": 0, ""data"": {}, ""msg"": ""success""}"
2025-09-03T05:39:12.580026+00:00,demo,2025-09-03,feishu,ok,"{""StatusCode"": 0, ""StatusMessage"": ""success"", ""code"": 0, ""data"": {}, ""msg"": ""success""}"
2025-09-03T05:51:10.859113+00:00,demo,2025-09-03,feishu,ok,"{""StatusCode"": 0, ""StatusMessage"": ""success"", ""code"": 0, ""data"": {}, ""msg"": ""success""}"
2025-09-03T06:27:57.643959+00:00,demo,2025-09-03,feishu,ok,"{""StatusCode"": 0, ""StatusMessage"": ""success"", ""code"": 0, ""data"": {}, ""msg"": ""success""}"
2025-09-03T06:48:23.764479+00:00,demo,2025-09-03,feishu,ok,"{""StatusCode"": 0, ""StatusMessage"": ""success"", ""code"": 0, ""data"": {}, ""msg"": ""success""}"
2025-09-03T07:18:16.085612+00:00,demo,2025-09-03,feishu,ok,"{""StatusCode"": 0, ""StatusMessage"": ""success"", ""code"": 0, ""data"": {}, ""msg"": ""success""}"
2025-09-03T07:38:07.590362+00:00,demo,2025-09-03,feishu,ok,"{""StatusCode"": 0, ""StatusMessage"": ""success"", ""code"": 0, ""data"": {}, ""msg"": ""success""}"
2025-09-03T07:50:48.452120+00:00,demo,2025-09-03,feishu,ok,"{""StatusCode"": 0, ""StatusMessage"": ""success"", ""code"": 0, ""data"": {}, ""msg"": ""success""}"
2025-09-03T08:25:27.668851+00:00,demo,2025-09-03,feishu,ok,"{""StatusCode"": 0, ""StatusMessage"": ""success"", ""code"": 0, ""data"": {}, ""msg"": ""success""}"
2025-09-03T08:46:04.858602+00:00,demo,2025-09-03,feishu,ok,"{""StatusCode"": 0, ""StatusMessage"": ""success"", ""code"": 0, ""data"": {}, ""msg"": ""success""}"
2025-09-03T09:19:43.947623+00:00,demo,2025-09-03,feishu,ok,"{""StatusCode"": 0, ""StatusMessage"": ""success"", ""code"": 0, ""data"": {}, ""msg"": ""success""}"
2025-09-03T09:39:45.771395+00:00,demo,2025-09-03,feishu,ok,"{""StatusCode"": 0, ""StatusMessage"": ""success"", ""code"": 0, ""data"": {}, ""msg"": ""success""}"
2025-09-03T09:51:15.337258+00:00,demo,2025-09-03,feishu,ok,"{""StatusCode"": 0, ""StatusMessage"": ""success"", ""code"": 0, ""data"": {}, ""msg"": ""success""}"
2025-09-03T10:19:12.697225+00:00,demo,2025-09-03,feishu,ok,"{""StatusCode"": 0, ""StatusMessage"": ""success"", ""code"": 0, ""data"": {}, ""msg"": ""success""}"
2025-09-03T10:41:04.772696+00:00,demo,2025-09-03,feishu,ok,"{""StatusCode"": 0, ""StatusMessage"": ""success"", ""code"": 0, ""data"": {}, ""msg"": ""success""}"
2025-09-03T10:51:49.247552+00:00,demo,2025-09-03,feishu,ok,"{""StatusCode"": 0, ""StatusMessage"": ""success"", ""code"": 0, ""data"": {}, ""msg"": ""success""}"
2025-09-03T16:23:45.201938+00:00,demo,2025-09-04,feishu,ok,"{""StatusCode"": 0, ""StatusMessage"": ""success"", ""code"": 0, ""data"": {}, ""msg"": ""success""}"
2025-09-03T16:45:26.611820+00:00,demo,2025-09-04,feishu,ok,"{""StatusCode"": 0, ""StatusMessage"": ""success"", ""code"": 0, ""data"": {}, ""msg"": ""success""}"
2025-09-03T17:16:04.001677+00:00,demo,2025-09-04,feishu,ok,"{""StatusCode"": 0, ""StatusMessage"": ""success"", ""code"": 0, ""data"": {}, ""msg"": ""success""}"
2025-09-03T17:38:54.838019+00:00,demo,2025-09-04,feishu,ok,"{""StatusCode"": 0, ""StatusMessage"": ""success"", ""code"": 0, ""data"": {}, ""msg"": ""success""}"
2025-09-03T17:50:48.947747+00:00,demo,2025-09-04,feishu,ok,"{""StatusCode"": 0, ""StatusMessage"": ""success"", ""code"": 0, ""data"": {}, ""msg"": ""success""}"
2025-09-03T18:27:33.374497+00:00,demo,2025-09-04,feishu,ok,"{""StatusCode"": 0, ""StatusMessage"": ""success"", ""code"": 0, ""data"": {}, ""msg"": ""success""}"
2025-09-03T18:45:42.548761+00:00,demo,2025-09-04,feishu,ok,"{""StatusCode"": 0, ""StatusMessage"": ""success"", ""code"": 0, ""data"": {}, ""msg"": ""success""}"
2025-09-03T19:15:23.622290+00:00,demo,2025-09-04,feishu,ok,"{""StatusCode"": 0, ""StatusMessage"": ""success"", ""code"": 0, ""data"": {}, ""msg"": ""success""}"
2025-09-03T19:37:12.239562+00:00,demo,2025-09-04,feishu,ok,"{""StatusCode"": 0, ""StatusMessage"": ""success"", ""code"": 0, ""data"": {}, ""msg"": ""success""}"
2025-09-03T19:50:49.369803+00:00,demo,2025-09-04,feishu,ok,"{""StatusCode"": 0, ""StatusMessage"": ""success"", ""code"": 0, ""data"": {}, ""msg"": ""success""}"
2025-09-03T20:20:27.750437+00:00,demo,2025-09-04,feishu,ok,"{""StatusCode"": 0, ""StatusMessage"": ""success"", ""code"": 0, ""data"": {}, ""msg"": ""success""}"
2025-09-03T20:39:50.677877+00:00,demo,2025-09-04,feishu,ok,"{""StatusCode"": 0, ""StatusMessage"": ""success"", ""code"": 0, ""data"": {}, ""msg"": ""success""}"
2025-09-03T20:50:41.984725+00:00,demo,2025-09-04,feishu,ok,"{""StatusCode"": 0, ""StatusMessage"": ""success"", ""code"": 0, ""data"": {}, ""msg"": ""success""}"
2025-09-03T21:16:26.020443+00:00,demo,2025-09-04,feishu,ok,"{""StatusCode"": 0, ""StatusMessage"": ""success"", ""code"": 0, ""data"": {}, ""msg"": ""success""}"
2025-09-03T21:37:05.967452+00:00,demo,2025-09-04,feishu,ok,"{""StatusCode"": 0, ""StatusMessage"": ""success"", ""code"": 0, ""data"": {}, ""msg"": ""success""}"
2025-09-03T21:51:01.980497+00:00,demo,2025-09-04,feishu,ok,"{""StatusCode"": 0, ""StatusMessage"": ""success"", ""code"": 0, ""data"": {}, ""msg"": ""success""}"
2025-09-03T22:16:48.714362+00:00,demo,2025-09-04,feishu,ok,"{""StatusCode"": 0, ""StatusMessage"": ""success"", ""code"": 0, ""data"": {}, ""msg"": ""success""}"
2025-09-03T22:38:30.836098+00:00,demo,2025-09-04,feishu,ok,"{""StatusCode"": 0, ""StatusMessage"": ""success"", ""code"": 0, ""data"": {}, ""msg"": ""success""}"
2025-09-03T22:51:07.477796+00:00,demo,2025-09-04,feishu,ok,"{""StatusCode"": 0, ""StatusMessage"": ""success"", ""code"": 0, ""data"": {}, ""msg"": ""success""}"
2025-09-03T23:16:28.478118+00:00,demo,2025-09-04,feishu,ok,"{""StatusCode"": 0, ""StatusMessage"": ""success"", ""code"": 0, ""data"": {}, ""msg"": ""success""}"
2025-09-03T23:36:52.505294+00:00,demo,2025-09-04,feishu,ok,"{""StatusCode"": 0, ""StatusMessage"": ""success"", ""code"": 0, ""data"": {}, ""msg"": ""success""}"
2025-09-03T23:50:50.708610+00:00,demo,2025-09-04,feishu,ok,"{""StatusCode"": 0, ""StatusMessage"": ""success"", ""code"": 0, ""data"": {}, ""msg"": ""success""}"
2025-09-04T01:23:09.693362+00:00,demo,2025-09-04,feishu,ok,"{""StatusCode"": 0, ""StatusMessage"": ""success"", ""code"": 0, ""data"": {}, ""msg"": ""success""}"
2025-09-04T02:41:52.270027+00:00,demo,2025-09-04,feishu,ok,"{""StatusCode"": 0, ""StatusMessage"": ""success"", ""code"": 0, ""data"": {}, ""msg"": ""success""}"
2025-09-04T03:18:39.292646+00:00,demo,2025-09-04,feishu,ok,"{""StatusCode"": 0, ""StatusMessage"": ""success"", ""code"": 0, ""data"": {}, ""msg"": ""success""}"
2025-09-04T03:45:31.887303+00:00,demo,2025-09-04,feishu,ok,"{""StatusCode"": 0, ""StatusMessage"": ""success"", ""code"": 0, ""data"": {}, ""msg"": ""success""}"
2025-09-04T04:22:12.977227+00:00,demo,2025-09-04,feishu,ok,"{""StatusCode"": 0, ""StatusMessage"": ""success"", ""code"": 0, ""data"": {}, ""msg"": ""success""}"
2025-09-04T04:41:59.108868+00:00,demo,2025-09-04,feishu,ok,"{""StatusCode"": 0, ""StatusMessage"": ""success"", ""code"": 0, ""data"": {}, ""msg"": ""success""}"
2025-09-04T04:52:38.516753+00:00,demo,2025-09-04,feishu,ok,"{""StatusCode"": 0, ""StatusMessage"": ""success"", ""code"": 0, ""data"": {}, ""msg"": ""success""}"
2025-09-04T05:17:39.228904+00:00,demo,2025-09-04,feishu,ok,"{""StatusCode"": 0, ""StatusMessage"": ""success"", ""code"": 0, ""data"": {}, ""msg"": ""success""}"
2025-09-04T05:39:23.405017+00:00,demo,2025-09-04,feishu,ok,"{""StatusCode"": 0, ""StatusMessage"": ""success"", ""code"": 0, ""data"": {}, ""msg"": ""success""}"
2025-09-04T05:51:03.134663+00:00,demo,2025-09-04,feishu,ok,"{""StatusCode"": 0, ""StatusMessage"": ""success"", ""code"": 0, ""data"": {}, ""msg"": ""success""}"
2025-09-04T06:28:20.458636+00:00,demo,2025-09-04,feishu,ok,"{""StatusCode"": 0, ""StatusMessage"": ""success"", ""code"": 0, ""data"": {}, ""msg"": ""success""}"
2025-09-04T06:49:27.800407+00:00,demo,2025-09-04,feishu,ok,"{""StatusCode"": 0, ""StatusMessage"": ""success"", ""code"": 0, ""data"": {}, ""msg"": ""success""}"
2025-09-04T07:18:07.403492+00:00,demo,2025-09-04,feishu,ok,"{""StatusCode"": 0, ""StatusMessage"": ""success"", ""code"": 0, ""data"": {}, ""msg"": ""success""}"
2025-09-04T07:37:32.164843+00:00,demo,2025-09-04,feishu,ok,"{""StatusCode"": 0, ""StatusMessage"": ""success"", ""code"": 0, ""data"": {}, ""msg"": ""success""}"
2025-09-04T07:51:14.187626+00:00,demo,2025-09-04,feishu,ok,"{""StatusCode"": 0, ""StatusMessage"": ""success"", ""code"": 0, ""data"": {}, ""msg"": ""success""}"
2025-09-04T08:25:10.231100+00:00,demo,2025-09-04,feishu,ok,"{""StatusCode"": 0, ""StatusMessage"": ""success"", ""code"": 0, ""data"": {}, ""msg"": ""success""}"
2025-09-04T08:45:36.226428+00:00,demo,2025-09-04,feishu,ok,"{""StatusCode"": 0, ""StatusMessage"": ""success"", ""code"": 0, ""data"": {}, ""msg"": ""success""}"
2025-09-04T09:19:35.040423+00:00,demo,2025-09-04,feishu,ok,"{""StatusCode"": 0, ""StatusMessage"": ""success"", ""code"": 0, ""data"": {}, ""msg"": ""success""}"
2025-09-04T09:39:28.941035+00:00,demo,2025-09-04,feishu,ok,"{""StatusCode"": 0, ""StatusMessage"": ""success"", ""code"": 0, ""data"": {}, ""msg"": ""success""}"
2025-09-04T09:50:35.878195+00:00,demo,2025-09-04,feishu,ok,"{""StatusCode"": 0, ""StatusMessage"": ""success"", ""code"": 0, ""data"": {}, ""msg"": ""success""}"
2025-09-04T10:19:46.179226+00:00,demo,2025-09-04,feishu,ok,"{""StatusCode"": 0, ""StatusMessage"": ""success"", ""code"": 0, ""data"": {}, ""msg"": ""success""}"
2025-09-04T10:41:05.216716+00:00,demo,2025-09-04,feishu,ok,"{""StatusCode"": 0, ""StatusMessage"": ""success"", ""code"": 0, ""data"": {}, ""msg"": ""success""}"
2025-09-04T10:52:07.021234+00:00,demo,2025-09-04,feishu,ok,"{""StatusCode"": 0, ""StatusMessage"": ""success"", ""code"": 0, ""data"": {}, ""msg"": ""success""}"
2025-09-04T16:24:02.405689+00:00,demo,2025-09-05,feishu,ok,"{""StatusCode"": 0, ""StatusMessage"": ""success"", ""code"": 0, ""data"": {}, ""msg"": ""success""}"
2025-09-04T16:45:56.981985+00:00,demo,2025-09-05,feishu,ok,"{""StatusCode"": 0, ""StatusMessage"": ""success"", ""code"": 0, ""data"": {}, ""msg"": ""success""}"
2025-09-04T17:16:06.515855+00:00,demo,2025-09-05,feishu,ok,"{""StatusCode"": 0, ""StatusMessage"": ""success"", ""code"": 0, ""data"": {}, ""msg"": ""success""}"
2025-09-04T17:38:56.016545+00:00,demo,2025-09-05,feishu,ok,"{""StatusCode"": 0, ""StatusMessage"": ""success"", ""code"": 0, ""data"": {}, ""msg"": ""success""}"
2025-09-04T17:51:21.017053+00:00,demo,2025-09-05,feishu,ok,"{""StatusCode"": 0, ""StatusMessage"": ""success"", ""code"": 0, ""data"": {}, ""msg"": ""success""}"
2025-09-04T18:27:07.196676+00:00,demo,2025-09-05,feishu,ok,"{""StatusCode"": 0, ""StatusMessage"": ""success"", ""code"": 0, ""data"": {}, ""msg"": ""success""}"
2025-09-04T18:47:46.716547+00:00,demo,2025-09-05,feishu,ok,"{""StatusCode"": 0, ""StatusMessage"": ""success"", ""code"": 0, ""data"": {}, ""msg"": ""success""}"
2025-09-04T19:14:38.038407+00:00,demo,2025-09-05,feishu,ok,"{""StatusCode"": 0, ""StatusMessage"": ""success"", ""code"": 0, ""data"": {}, ""msg"": ""success""}"
2025-09-04T19:26:02.100509+00:00,demo,2025-09-05,feishu,ok,"{""StatusCode"": 0, ""StatusMessage"": ""success"", ""code"": 0, ""data"": {}, ""msg"": ""success""}"
2025-09-04T19:38:08.176600+00:00,demo,2025-09-05,feishu,ok,"{""StatusCode"": 0, ""StatusMessage"": ""success"", ""code"": 0, ""data"": {}, ""msg"": ""success""}"
2025-09-04T19:51:00.287429+00:00,demo,2025-09-05,feishu,ok,"{""StatusCode"": 0, ""StatusMessage"": ""success"", ""code"": 0, ""data"": {}, ""msg"": ""success""}"
2025-09-04T20:20:22.050947+00:00,demo,2025-09-05,feishu,ok,"{""StatusCode"": 0, ""StatusMessage"": ""success"", ""code"": 0, ""data"": {}, ""msg"": ""success""}"
2025-09-04T20:39:08.578997+00:00,demo,2025-09-05,feishu,ok,"{""StatusCode"": 0, ""StatusMessage"": ""success"", ""code"": 0, ""data"": {}, ""msg"": ""success""}"
2025-09-04T20:50:59.462444+00:00,demo,2025-09-05,feishu,ok,"{""StatusCode"": 0, ""StatusMessage"": ""success"", ""code"": 0, ""data"": {}, ""msg"": ""success""}"
2025-09-04T21:17:12.276795+00:00,demo,2025-09-05,feishu,ok,"{""StatusCode"": 0, ""StatusMessage"": ""success"", ""code"": 0, ""data"": {}, ""msg"": ""success""}"
2025-09-04T21:37:11.354969+00:00,demo,2025-09-05,feishu,ok,"{""StatusCode"": 0, ""StatusMessage"": ""success"", ""code"": 0, ""data"": {}, ""msg"": ""success""}"
2025-09-04T21:51:14.973617+00:00,demo,2025-09-05,feishu,ok,"{""StatusCode"": 0, ""StatusMessage"": ""success"", ""code"": 0, ""data"": {}, ""msg"": ""success""}"
2025-09-04T22:17:45.588762+00:00,demo,2025-09-05,feishu,ok,"{""StatusCode"": 0, ""StatusMessage"": ""success"", ""code"": 0, ""data"": {}, ""msg"": ""success""}"
2025-09-04T22:38:58.022251+00:00,demo,2025-09-05,feishu,ok,"{""StatusCode"": 0, ""StatusMessage"": ""success"", ""code"": 0, ""data"": {}, ""msg"": ""success""}"
2025-09-04T22:50:46.756354+00:00,demo,2025-09-05,feishu,ok,"{""StatusCode"": 0, ""StatusMessage"": ""success"", ""code"": 0, ""data"": {}, ""msg"": ""success""}"
2025-09-04T23:17:02.332038+00:00,demo,2025-09-05,feishu,ok,"{""StatusCode"": 0, ""StatusMessage"": ""success"", ""code"": 0, ""data"": {}, ""msg"": ""success""}"
2025-09-04T23:37:30.783391+00:00,demo,2025-09-05,feishu,ok,"{""StatusCode"": 0, ""StatusMessage"": ""success"", ""code"": 0, ""data"": {}, ""msg"": ""success""}"
2025-09-04T23:50:55.573417+00:00,demo,2025-09-05,feishu,ok,"{""StatusCode"": 0, ""StatusMessage"": ""success"", ""code"": 0, ""data"": {}, ""msg"": ""success""}"
2025-09-05T01:25:27.380782+00:00,demo,2025-09-05,feishu,ok,"{""StatusCode"": 0, ""StatusMessage"": ""success"", ""code"": 0, ""data"": {}, ""msg"": ""success""}"
2025-09-05T02:45:10.485332+00:00,demo,2025-09-05,feishu,ok,"{""StatusCode"": 0, ""StatusMessage"": ""success"", ""code"": 0, ""data"": {}, ""msg"": ""success""}"
2025-09-05T03:22:12.658256+00:00,demo,2025-09-05,feishu,ok,"{""StatusCode"": 0, ""StatusMessage"": ""success"", ""code"": 0, ""data"": {}, ""msg"": ""success""}"
2025-09-05T03:47:06.587630+00:00,demo,2025-09-05,feishu,ok,"{""StatusCode"": 0, ""StatusMessage"": ""success"", ""code"": 0, ""data"": {}, ""msg"": ""success""}"
2025-09-05T04:23:03.143934+00:00,demo,2025-09-05,feishu,ok,"{""StatusCode"": 0, ""StatusMessage"": ""success"", ""code"": 0, ""data"": {}, ""msg"": ""success""}"
2025-09-05T04:42:16.735078+00:00,demo,2025-09-05,feishu,ok,"{""StatusCode"": 0, ""StatusMessage"": ""success"", ""code"": 0, ""data"": {}, ""msg"": ""success""}"
2025-09-05T04:52:37.478776+00:00,demo,2025-09-05,feishu,ok,"{""StatusCode"": 0, ""StatusMessage"": ""success"", ""code"": 0, ""data"": {}, ""msg"": ""success""}"
2025-09-05T05:18:21.830058+00:00,demo,2025-09-05,feishu,ok,"{""StatusCode"": 0, ""StatusMessage"": ""success"", ""code"": 0, ""data"": {}, ""msg"": ""success""}"
2025-09-05T05:39:43.753056+00:00,demo,2025-09-05,feishu,ok,"{""StatusCode"": 0, ""StatusMessage"": ""success"", ""code"": 0, ""data"": {}, ""msg"": ""success""}"
2025-09-05T05:50:59.603109+00:00,demo,2025-09-05,feishu,ok,"{""StatusCode"": 0, ""StatusMessage"": ""success"", ""code"": 0, ""data"": {}, ""msg"": ""success""}"
2025-09-05T06:28:38.758613+00:00,demo,2025-09-05,feishu,ok,"{""StatusCode"": 0, ""StatusMessage"": ""success"", ""code"": 0, ""data"": {}, ""msg"": ""success""}"
2025-09-05T06:49:44.103606+00:00,demo,2025-09-05,feishu,ok,"{""StatusCode"": 0, ""StatusMessage"": ""success"", ""code"": 0, ""data"": {}, ""msg"": ""success""}"
2025-09-05T07:18:19.431572+00:00,demo,2025-09-05,feishu,ok,"{""StatusCode"": 0, ""StatusMessage"": ""success"", ""code"": 0, ""data"": {}, ""msg"": ""success""}"
2025-09-05T07:37:56.952367+00:00,demo,2025-09-05,feishu,ok,"{""StatusCode"": 0, ""StatusMessage"": ""success"", ""code"": 0, ""data"": {}, ""msg"": ""success""}"
2025-09-05T07:51:11.601146+00:00,demo,2025-09-05,feishu,ok,"{""StatusCode"": 0, ""StatusMessage"": ""success"", ""code"": 0, ""data"": {}, ""msg"": ""success""}"
2025-09-05T08:24:58.292078+00:00,demo,2025-09-05,feishu,ok,"{""StatusCode"": 0, ""StatusMessage"": ""success"", ""code"": 0, ""data"": {}, ""msg"": ""success""}"
2025-09-05T08:45:21.599515+00:00,demo,2025-09-05,feishu,ok,"{""StatusCode"": 0, ""StatusMessage"": ""success"", ""code"": 0, ""data"": {}, ""msg"": ""success""}"
2025-09-05T09:19:48.769949+00:00,demo,2025-09-05,feishu,ok,"{""StatusCode"": 0, ""StatusMessage"": ""success"", ""code"": 0, ""data"": {}, ""msg"": ""success""}"
2025-09-05T09:39:33.147531+00:00,demo,2025-09-05,feishu,ok,"{""StatusCode"": 0, ""StatusMessage"": ""success"", ""code"": 0, ""data"": {}, ""msg"": ""success""}"
2025-09-05T09:50:54.444128+00:00,demo,2025-09-05,feishu,ok,"{""StatusCode"": 0, ""StatusMessage"": ""success"", ""code"": 0, ""data"": {}, ""msg"": ""success""}"
2025-09-05T10:19:56.156677+00:00,demo,2025-09-05,feishu,ok,"{""StatusCode"": 0, ""StatusMessage"": ""success"", ""code"": 0, ""data"": {}, ""msg"": ""success""}"
2025-09-05T10:41:36.153020+00:00,demo,2025-09-05,feishu,ok,"{""StatusCode"": 0, ""StatusMessage"": ""success"", ""code"": 0, ""data"": {}, ""msg"": ""success""}"
2025-09-05T10:52:18.406283+00:00,demo,2025-09-05,feishu,ok,"{""StatusCode"": 0, ""StatusMessage"": ""success"", ""code"": 0, ""data"": {}, ""msg"": ""success""}"
2025-09-05T16:22:08.401402+00:00,demo,2025-09-06,feishu,ok,"{""StatusCode"": 0, ""StatusMessage"": ""success"", ""code"": 0, ""data"": {}, ""msg"": ""success""}"
2025-09-05T16:42:56.826132+00:00,demo,2025-09-06,feishu,ok,"{""StatusCode"": 0, ""StatusMessage"": ""success"", ""code"": 0, ""data"": {}, ""msg"": ""success""}"
2025-09-05T16:54:03.954640+00:00,demo,2025-09-06,feishu,ok,"{""StatusCode"": 0, ""StatusMessage"": ""success"", ""code"": 0, ""data"": {}, ""msg"": ""success""}"
2025-09-05T17:16:23.586933+00:00,demo,2025-09-06,feishu,ok,"{""StatusCode"": 0, ""StatusMessage"": ""success"", ""code"": 0, ""data"": {}, ""msg"": ""success""}"
2025-09-05T17:38:45.735588+00:00,demo,2025-09-06,feishu,ok,"{""StatusCode"": 0, ""StatusMessage"": ""success"", ""code"": 0, ""data"": {}, ""msg"": ""success""}"
2025-09-05T17:50:57.105595+00:00,demo,2025-09-06,feishu,ok,"{""StatusCode"": 0, ""StatusMessage"": ""success"", ""code"": 0, ""data"": {}, ""msg"": ""success""}"
2025-09-05T18:25:16.999645+00:00,demo,2025-09-06,feishu,ok,"{""StatusCode"": 0, ""StatusMessage"": ""success"", ""code"": 0, ""data"": {}, ""msg"": ""success""}"
2025-09-05T18:45:28.531402+00:00,demo,2025-09-06,feishu,ok,"{""StatusCode"": 0, ""StatusMessage"": ""success"", ""code"": 0, ""data"": {}, ""msg"": ""success""}"
2025-09-05T19:14:58.086379+00:00,demo,2025-09-06,feishu,ok,"{""StatusCode"": 0, ""StatusMessage"": ""success"", ""code"": 0, ""data"": {}, ""msg"": ""success""}"
2025-09-05T19:27:10.784527+00:00,demo,2025-09-06,feishu,ok,"{""StatusCode"": 0, ""StatusMessage"": ""success"", ""code"": 0, ""data"": {}, ""msg"": ""success""}"
2025-09-05T19:39:19.195741+00:00,demo,2025-09-06,feishu,ok,"{""StatusCode"": 0, ""StatusMessage"": ""success"", ""code"": 0, ""data"": {}, ""msg"": ""success""}"
2025-09-05T19:50:59.765007+00:00,demo,2025-09-06,feishu,ok,"{""StatusCode"": 0, ""StatusMessage"": ""success"", ""code"": 0, ""data"": {}, ""msg"": ""success""}"
2025-09-05T20:20:33.452849+00:00,demo,2025-09-06,feishu,ok,"{""StatusCode"": 0, ""StatusMessage"": ""success"", ""code"": 0, ""data"": {}, ""msg"": ""success""}"
2025-09-05T20:39:54.897766+00:00,demo,2025-09-06,feishu,ok,"{""StatusCode"": 0, ""StatusMessage"": ""success"", ""code"": 0, ""data"": {}, ""msg"": ""success""}"
2025-09-05T20:51:00.134596+00:00,demo,2025-09-06,feishu,ok,"{""StatusCode"": 0, ""StatusMessage"": ""success"", ""code"": 0, ""data"": {}, ""msg"": ""success""}"
2025-09-05T21:16:32.118026+00:00,demo,2025-09-06,feishu,ok,"{""StatusCode"": 0, ""StatusMessage"": ""success"", ""code"": 0, ""data"": {}, ""msg"": ""success""}"
2025-09-05T21:37:49.430923+00:00,demo,2025-09-06,feishu,ok,"{""StatusCode"": 0, ""StatusMessage"": ""success"", ""code"": 0, ""data"": {}, ""msg"": ""success""}"
2025-09-05T21:51:05.333619+00:00,demo,2025-09-06,feishu,ok,"{""StatusCode"": 0, ""StatusMessage"": ""success"", ""code"": 0, ""data"": {}, ""msg"": ""success""}"
2025-09-05T22:17:20.340444+00:00,demo,2025-09-06,feishu,ok,"{""StatusCode"": 0, ""StatusMessage"": ""success"", ""code"": 0, ""data"": {}, ""msg"": ""success""}"
2025-09-05T22:39:14.045857+00:00,demo,2025-09-06,feishu,ok,"{""StatusCode"": 0, ""StatusMessage"": ""success"", ""code"": 0, ""data"": {}, ""msg"": ""success""}"
2025-09-05T22:50:45.862659+00:00,demo,2025-09-06,feishu,ok,"{""StatusCode"": 0, ""StatusMessage"": ""success"", ""code"": 0, ""data"": {}, ""msg"": ""success""}"
2025-09-05T23:17:02.771201+00:00,demo,2025-09-06,feishu,ok,"{""StatusCode"": 0, ""StatusMessage"": ""success"", ""code"": 0, ""data"": {}, ""msg"": ""success""}"
2025-09-05T23:37:36.656474+00:00,demo,2025-09-06,feishu,ok,"{""StatusCode"": 0, ""StatusMessage"": ""success"", ""code"": 0, ""data"": {}, ""msg"": ""success""}"
2025-09-05T23:50:59.793615+00:00,demo,2025-09-06,feishu,ok,"{""StatusCode"": 0, ""StatusMessage"": ""success"", ""code"": 0, ""data"": {}, ""msg"": ""success""}"
2025-09-06T01:22:50.073691+00:00,demo,2025-09-06,feishu,ok,"{""StatusCode"": 0, ""StatusMessage"": ""success"", ""code"": 0, ""data"": {}, ""msg"": ""success""}"
2025-09-06T02:39:30.635462+00:00,demo,2025-09-06,feishu,ok,"{""StatusCode"": 0, ""StatusMessage"": ""success"", ""code"": 0, ""data"": {}, ""msg"": ""success""}"
2025-09-06T03:16:45.205525+00:00,demo,2025-09-06,feishu,ok,"{""StatusCode"": 0, ""StatusMessage"": ""success"", ""code"": 0, ""data"": {}, ""msg"": ""success""}"
2025-09-06T03:43:20.577253+00:00,demo,2025-09-06,feishu,ok,"{""StatusCode"": 0, ""StatusMessage"": ""success"", ""code"": 0, ""data"": {}, ""msg"": ""success""}"
2025-09-06T03:54:16.948840+00:00,demo,2025-09-06,feishu,ok,"{""StatusCode"": 0, ""StatusMessage"": ""success"", ""code"": 0, ""data"": {}, ""msg"": ""success""}"
2025-09-06T04:21:58.587005+00:00,demo,2025-09-06,feishu,ok,"{""StatusCode"": 0, ""StatusMessage"": ""success"", ""code"": 0, ""data"": {}, ""msg"": ""success""}"
2025-09-06T04:40:28.806289+00:00,demo,2025-09-06,feishu,ok,"{""StatusCode"": 0, ""StatusMessage"": ""success"", ""code"": 0, ""data"": {}, ""msg"": ""success""}"
2025-09-06T04:51:06.129651+00:00,demo,2025-09-06,feishu,ok,"{""StatusCode"": 0, ""StatusMessage"": ""success"", ""code"": 0, ""data"": {}, ""msg"": ""success""}"
2025-09-06T05:16:58.439216+00:00,demo,2025-09-06,feishu,ok,"{""StatusCode"": 0, ""StatusMessage"": ""success"", ""code"": 0, ""data"": {}, ""msg"": ""success""}"
2025-09-06T05:38:31.495928+00:00,demo,2025-09-06,feishu,ok,"{""StatusCode"": 0, ""StatusMessage"": ""success"", ""code"": 0, ""data"": {}, ""msg"": ""success""}"
2025-09-06T05:51:05.995178+00:00,demo,2025-09-06,feishu,ok,"{""StatusCode"": 0, ""StatusMessage"": ""success"", ""code"": 0, ""data"": {}, ""msg"": ""success""}"
2025-09-06T06:25:41.268323+00:00,demo,2025-09-06,feishu,ok,"{""StatusCode"": 0, ""StatusMessage"": ""success"", ""code"": 0, ""data"": {}, ""msg"": ""success""}"
2025-09-06T06:44:38.739165+00:00,demo,2025-09-06,feishu,ok,"{""StatusCode"": 0, ""StatusMessage"": ""success"", ""code"": 0, ""data"": {}, ""msg"": ""success""}"
2025-09-06T06:55:26.416112+00:00,demo,2025-09-06,feishu,ok,"{""StatusCode"": 0, ""StatusMessage"": ""success"", ""code"": 0, ""data"": {}, ""msg"": ""success""}"
2025-09-06T07:16:09.080850+00:00,demo,2025-09-06,feishu,ok,"{""StatusCode"": 0, ""StatusMessage"": ""success"", ""code"": 0, ""data"": {}, ""msg"": ""success""}"
2025-09-06T07:37:25.179651+00:00,demo,2025-09-06,feishu,ok,"{""StatusCode"": 0, ""StatusMessage"": ""success"", ""code"": 0, ""data"": {}, ""msg"": ""success""}"
2025-09-06T07:51:05.594330+00:00,demo,2025-09-06,feishu,ok,"{""StatusCode"": 0, ""StatusMessage"": ""success"", ""code"": 0, ""data"": {}, ""msg"": ""success""}"
2025-09-06T08:21:14.981752+00:00,demo,2025-09-06,feishu,ok,"{""StatusCode"": 0, ""StatusMessage"": ""success"", ""code"": 0, ""data"": {}, ""msg"": ""success""}"
2025-09-06T08:40:27.840190+00:00,demo,2025-09-06,feishu,ok,"{""StatusCode"": 0, ""StatusMessage"": ""success"", ""code"": 0, ""data"": {}, ""msg"": ""success""}"
2025-09-06T08:51:25.422882+00:00,demo,2025-09-06,feishu,ok,"{""StatusCode"": 0, ""StatusMessage"": ""success"", ""code"": 0, ""data"": {}, ""msg"": ""success""}"
2025-09-06T09:16:55.857273+00:00,demo,2025-09-06,feishu,ok,"{""StatusCode"": 0, ""StatusMessage"": ""success"", ""code"": 0, ""data"": {}, ""msg"": ""success""}"
2025-09-06T09:36:50.938406+00:00,demo,2025-09-06,feishu,ok,"{""StatusCode"": 0, ""StatusMessage"": ""success"", ""code"": 0, ""data"": {}, ""msg"": ""success""}"
2025-09-06T09:51:04.503827+00:00,demo,2025-09-06,feishu,ok,"{""StatusCode"": 0, ""StatusMessage"": ""success"", ""code"": 0, ""data"": {}, ""msg"": ""success""}"
2025-09-06T10:17:01.158212+00:00,demo,2025-09-06,feishu,ok,"{""StatusCode"": 0, ""StatusMessage"": ""success"", ""code"": 0, ""data"": {}, ""msg"": ""success""}"
2025-09-06T10:38:14.491553+00:00,demo,2025-09-06,feishu,ok,"{""StatusCode"": 0, ""StatusMessage"": ""success"", ""code"": 0, ""data"": {}, ""msg"": ""success""}"
2025-09-06T10:50:47.947827+00:00,demo,2025-09-06,feishu,ok,"{""StatusCode"": 0, ""StatusMessage"": ""success"", ""code"": 0, ""data"": {}, ""msg"": ""success""}"
2025-09-06T16:20:19.149004+00:00,demo,2025-09-07,feishu,ok,"{""StatusCode"": 0, ""StatusMessage"": ""success"", ""code"": 0, ""data"": {}, ""msg"": ""success""}"
2025-09-06T16:40:57.015000+00:00,demo,2025-09-07,feishu,ok,"{""StatusCode"": 0, ""StatusMessage"": ""success"", ""code"": 0, ""data"": {}, ""msg"": ""success""}"
2025-09-06T16:51:41.803975+00:00,demo,2025-09-07,feishu,ok,"{""StatusCode"": 0, ""StatusMessage"": ""success"", ""code"": 0, ""data"": {}, ""msg"": ""success""}"
2025-09-06T17:14:02.718304+00:00,demo,2025-09-07,feishu,ok,"{""StatusCode"": 0, ""StatusMessage"": ""success"", ""code"": 0, ""data"": {}, ""msg"": ""success""}"
2025-09-06T17:28:13.559524+00:00,demo,2025-09-07,feishu,ok,"{""StatusCode"": 0, ""StatusMessage"": ""success"", ""code"": 0, ""data"": {}, ""msg"": ""success""}"
2025-09-06T17:39:24.466251+00:00,demo,2025-09-07,feishu,ok,"{""StatusCode"": 0, ""StatusMessage"": ""success"", ""code"": 0, ""data"": {}, ""msg"": ""success""}"
2025-09-06T17:50:52.897426+00:00,demo,2025-09-07,feishu,ok,"{""StatusCode"": 0, ""StatusMessage"": ""success"", ""code"": 0, ""data"": {}, ""msg"": ""success""}"
2025-09-06T18:23:26.971554+00:00,demo,2025-09-07,feishu,ok,"{""StatusCode"": 0, ""StatusMessage"": ""success"", ""code"": 0, ""data"": {}, ""msg"": ""success""}"
2025-09-06T18:42:24.385937+00:00,demo,2025-09-07,feishu,ok,"{""StatusCode"": 0, ""StatusMessage"": ""success"", ""code"": 0, ""data"": {}, ""msg"": ""success""}"
2025-09-06T18:53:19.638783+00:00,demo,2025-09-07,feishu,ok,"{""StatusCode"": 0, ""StatusMessage"": ""success"", ""code"": 0, ""data"": {}, ""msg"": ""success""}"
2025-09-06T19:13:28.228815+00:00,demo,2025-09-07,feishu,ok,"{""StatusCode"": 0, ""StatusMessage"": ""success"", ""code"": 0, ""data"": {}, ""msg"": ""success""}"
2025-09-06T19:24:08.547978+00:00,demo,2025-09-07,feishu,ok,"{""StatusCode"": 0, ""StatusMessage"": ""success"", ""code"": 0, ""data"": {}, ""msg"": ""success""}"
2025-09-06T19:37:10.462863+00:00,demo,2025-09-07,feishu,ok,"{""StatusCode"": 0, ""StatusMessage"": ""success"", ""code"": 0, ""data"": {}, ""msg"": ""success""}"
2025-09-06T19:51:09.879804+00:00,demo,2025-09-07,feishu,ok,"{""StatusCode"": 0, ""StatusMessage"": ""success"", ""code"": 0, ""data"": {}, ""msg"": ""success""}"
2025-09-06T20:18:14.636678+00:00,demo,2025-09-07,feishu,ok,"{""StatusCode"": 0, ""StatusMessage"": ""success"", ""code"": 0, ""data"": {}, ""msg"": ""success""}"
2025-09-06T20:37:10.901170+00:00,demo,2025-09-07,feishu,ok,"{""StatusCode"": 0, ""StatusMessage"": ""success"", ""code"": 0, ""data"": {}, ""msg"": ""success""}"
2025-09-06T20:51:06.762746+00:00,demo,2025-09-07,feishu,ok,"{""StatusCode"": 0, ""StatusMessage"": ""success"", ""code"": 0, ""data"": {}, ""msg"": ""success""}"
2025-09-06T21:14:51.999519+00:00,demo,2025-09-07,feishu,ok,"{""StatusCode"": 0, ""StatusMessage"": ""success"", ""code"": 0, ""data"": {}, ""msg"": ""success""}"
2025-09-06T21:27:03.841093+00:00,demo,2025-09-07,feishu,ok,"{""StatusCode"": 0, ""StatusMessage"": ""success"", ""code"": 0, ""data"": {}, ""msg"": ""success""}"
2025-09-06T21:38:38.130869+00:00,demo,2025-09-07,feishu,ok,"{""StatusCode"": 0, ""StatusMessage"": ""success"", ""code"": 0, ""data"": {}, ""msg"": ""success""}"
2025-09-06T21:51:05.908084+00:00,demo,2025-09-07,feishu,ok,"{""StatusCode"": 0, ""StatusMessage"": ""success"", ""code"": 0, ""data"": {}, ""msg"": ""success""}"
2025-09-06T22:16:01.678438+00:00,demo,2025-09-07,feishu,ok,"{""StatusCode"": 0, ""StatusMessage"": ""success"", ""code"": 0, ""data"": {}, ""msg"": ""success""}"
2025-09-06T22:38:00.657802+00:00,demo,2025-09-07,feishu,ok,"{""StatusCode"": 0, ""StatusMessage"": ""success"", ""code"": 0, ""data"": {}, ""msg"": ""success""}"
2025-09-06T22:51:09.338928+00:00,demo,2025-09-07,feishu,ok,"{""StatusCode"": 0, ""StatusMessage"": ""success"", ""code"": 0, ""data"": {}, ""msg"": ""success""}"
2025-09-06T23:16:03.148056+00:00,demo,2025-09-07,feishu,ok,"{""StatusCode"": 0, ""StatusMessage"": ""success"", ""code"": 0, ""data"": {}, ""msg"": ""success""}"
2025-09-06T23:37:26.266598+00:00,demo,2025-09-07,feishu,ok,"{""StatusCode"": 0, ""StatusMessage"": ""success"", ""code"": 0, ""data"": {}, ""msg"": ""success""}"
2025-09-06T23:51:03.744209+00:00,demo,2025-09-07,feishu,ok,"{""StatusCode"": 0, ""StatusMessage"": ""success"", ""code"": 0, ""data"": {}, ""msg"": ""success""}"
2025-09-07T01:37:35.829849+00:00,demo,2025-09-07,feishu,ok,"{""StatusCode"": 0, ""StatusMessage"": ""success"", ""code"": 0, ""data"": {}, ""msg"": ""success""}"
2025-09-07T02:53:11.203395+00:00,demo,2025-09-07,feishu,ok,"{""StatusCode"": 0, ""StatusMessage"": ""success"", ""code"": 0, ""data"": {}, ""msg"": ""success""}"
2025-09-07T03:33:36.159584+00:00,demo,2025-09-07,feishu,ok,"{""StatusCode"": 0, ""StatusMessage"": ""success"", ""code"": 0, ""data"": {}, ""msg"": ""success""}"
2025-09-07T03:53:14.057071+00:00,demo,2025-09-07,feishu,ok,"{""StatusCode"": 0, ""StatusMessage"": ""success"", ""code"": 0, ""data"": {}, ""msg"": ""success""}"
2025-09-07T04:21:31.357490+00:00,demo,2025-09-07,feishu,ok,"{""StatusCode"": 0, ""StatusMessage"": ""success"", ""code"": 0, ""data"": {}, ""msg"": ""success""}"
2025-09-07T04:40:51.481073+00:00,demo,2025-09-07,feishu,ok,"{""StatusCode"": 0, ""StatusMessage"": ""success"", ""code"": 0, ""data"": {}, ""msg"": ""success""}"
2025-09-07T04:51:48.354652+00:00,demo,2025-09-07,feishu,ok,"{""StatusCode"": 0, ""StatusMessage"": ""success"", ""code"": 0, ""data"": {}, ""msg"": ""success""}"
2025-09-07T05:17:22.568862+00:00,demo,2025-09-07,feishu,ok,"{""StatusCode"": 0, ""StatusMessage"": ""success"", ""code"": 0, ""data"": {}, ""msg"": ""success""}"
2025-09-07T05:38:44.286545+00:00,demo,2025-09-07,feishu,ok,"{""StatusCode"": 0, ""StatusMessage"": ""success"", ""code"": 0, ""data"": {}, ""msg"": ""success""}"
2025-09-07T05:50:43.762617+00:00,demo,2025-09-07,feishu,ok,"{""StatusCode"": 0, ""StatusMessage"": ""success"", ""code"": 0, ""data"": {}, ""msg"": ""success""}"
2025-09-07T06:25:52.760073+00:00,demo,2025-09-07,feishu,ok,"{""StatusCode"": 0, ""StatusMessage"": ""success"", ""code"": 0, ""data"": {}, ""msg"": ""success""}"
2025-09-07T06:45:04.634131+00:00,demo,2025-09-07,feishu,ok,"{""StatusCode"": 0, ""StatusMessage"": ""success"", ""code"": 0, ""data"": {}, ""msg"": ""success""}"
2025-09-07T06:55:38.682374+00:00,demo,2025-09-07,feishu,ok,"{""StatusCode"": 0, ""StatusMessage"": ""success"", ""code"": 0, ""data"": {}, ""msg"": ""success""}"
2025-09-07T07:17:18.966643+00:00,demo,2025-09-07,feishu,ok,"{""StatusCode"": 0, ""StatusMessage"": ""success"", ""code"": 0, ""data"": {}, ""msg"": ""success""}"
2025-09-07T07:37:04.256770+00:00,demo,2025-09-07,feishu,ok,"{""StatusCode"": 0, ""StatusMessage"": ""success"", ""code"": 0, ""data"": {}, ""msg"": ""success""}"
2025-09-07T07:51:12.770559+00:00,demo,2025-09-07,feishu,ok,"{""StatusCode"": 0, ""StatusMessage"": ""success"", ""code"": 0, ""data"": {}, ""msg"": ""success""}"
2025-09-07T08:21:19.760878+00:00,demo,2025-09-07,feishu,ok,"{""StatusCode"": 0, ""StatusMessage"": ""success"", ""code"": 0, ""data"": {}, ""msg"": ""success""}"
2025-09-07T08:40:17.177717+00:00,demo,2025-09-07,feishu,ok,"{""StatusCode"": 0, ""StatusMessage"": ""success"", ""code"": 0, ""data"": {}, ""msg"": ""success""}"
2025-09-07T08:51:13.600845+00:00,demo,2025-09-07,feishu,ok,"{""StatusCode"": 0, ""StatusMessage"": ""success"", ""code"": 0, ""data"": {}, ""msg"": ""success""}"
2025-09-07T09:17:00.705323+00:00,demo,2025-09-07,feishu,ok,"{""StatusCode"": 0, ""StatusMessage"": ""success"", ""code"": 0, ""data"": {}, ""msg"": ""success""}"
2025-09-07T09:37:11.167162+00:00,demo,2025-09-07,feishu,ok,"{""StatusCode"": 0, ""StatusMessage"": ""success"", ""code"": 0, ""data"": {}, ""msg"": ""success""}"
2025-09-07T09:51:02.382902+00:00,demo,2025-09-07,feishu,ok,"{""StatusCode"": 0, ""StatusMessage"": ""success"", ""code"": 0, ""data"": {}, ""msg"": ""success""}"
2025-09-07T10:17:14.625289+00:00,demo,2025-09-07,feishu,ok,"{""StatusCode"": 0, ""StatusMessage"": ""success"", ""code"": 0, ""data"": {}, ""msg"": ""success""}"
2025-09-07T10:38:27.914078+00:00,demo,2025-09-07,feishu,ok,"{""StatusCode"": 0, ""StatusMessage"": ""success"", ""code"": 0, ""data"": {}, ""msg"": ""success""}"
2025-09-07T10:51:06.489715+00:00,demo,2025-09-07,feishu,ok,"{""StatusCode"": 0, ""StatusMessage"": ""success"", ""code"": 0, ""data"": {}, ""msg"": ""success""}"
2025-09-07T16:20:22.843887+00:00,demo,2025-09-08,feishu,ok,"{""StatusCode"": 0, ""StatusMessage"": ""success"", ""code"": 0, ""data"": {}, ""msg"": ""success""}"
2025-09-07T16:41:08.313054+00:00,demo,2025-09-08,feishu,ok,"{""StatusCode"": 0, ""StatusMessage"": ""success"", ""code"": 0, ""data"": {}, ""msg"": ""success""}"
